id,title,old_filename,file_name,volume,year
187750,'Deed I Do,187750.pdf,'Deed I Do.pdf,Vol3,1926
704250,'Round Midnight,704250.pdf,'Round Midnight.pdf,Vol1,1944
809600,'Tain't What You Do (It's The Way That Cha Do It),809600.pdf,'Tain't What You Do It's The Way That Cha Do It.pdf,Vol2,1939
248610,500 Miles High,248610.pdf,500 Miles High.pdf,Vol1,1978
55345,502 Blues,055345.pdf,502 Blues.pdf,Vol1,1962
956282,52nd Street Theme,956282.pdf,52nd Street Theme.pdf,Vol2,1944
13024,A Ballad,013024.pdf,A Ballad.pdf,Vol2,1956
84850,A Blossom Fell,084850.pdf,A Blossom Fell.pdf,Vol3,1954
981733,A Child Is Born,981733.pdf,A Child Is Born.pdf,Vol1,1969
166320,A Cottage For Sale,166320.pdf,A Cottage For Sale.pdf,Vol3,1930
208580,A Dreamer's Holiday,208580.pdf,A Dreamer's Holiday.pdf,Vol3,1949
246240,A Fine Romance,246240.pdf,A Fine Romance.pdf,Vol1,1936
5353,A Flower Is A Lovesome Thing,005353.pdf,A Flower Is A Lovesome Thing.pdf,Vol2,1941
288040,A Good Man Is Hard To Find,288040.pdf,A Good Man Is Hard To Find.pdf,Vol3,0
502170,A Lovely Way To Spend An Evening,502170.pdf,A Lovely Way To Spend An Evening.pdf,Vol2,1943
512810,A Man And A Woman (Un Homme Et Une Femme),512810.pdf,A Man And A Woman Un Homme Et Une Femme.pdf,Vol1,1966
587100,A Night In Tunisia,587100.pdf,A Night In Tunisia.pdf,Vol1,1944
588900,A Nightingale Sang In Berkeley Square,588900.pdf,A Nightingale Sang In Berkeley Square.pdf,Vol3,1940
980604,A Portrait Of Jenny,980604.pdf,A Portrait Of Jenny.pdf,Vol2,1948
669560,A Pretty Girl Is Like A Melody,669560.pdf,A Pretty Girl Is Like A Melody.pdf,Vol3,1919
746300,A Sleepin' Bee,746300.pdf,A Sleepin' Bee.pdf,Vol3,1954
788900,A String Of Pearls,788900.pdf,A String Of Pearls.pdf,Vol1,1941
794580,A Sunday Kind Of Love,794580.pdf,A Sunday Kind Of Love.pdf,Vol1,1946
815480,A Taste Of Honey,815480.pdf,A Taste Of Honey.pdf,Vol3,1960
12602,A Walkin' Thing,012602.pdf,A Walkin' Thing.pdf,Vol2,1957
983410,A Weaver Of Dreams,983410.pdf,A Weaver Of Dreams.pdf,Vol2,1979
946010,A Wonderful Day Like Today,946010.pdf,A Wonderful Day Like Today.pdf,Vol2,1964
59238,Ablution,059238.pdf,Ablution.pdf,Vol2,1980
3330,Ac-cent-tchu-ate The Positive,003330.pdf,Ac-cent-tchu-ate The Positive.pdf,Vol3,1944
992515,Adam's Apple,992515.pdf,Adam's Apple.pdf,Vol2,1968
983308,Affirmation,983308.pdf,Affirmation.pdf,Vol2,1975
55844,African Flower (Petite Fleur Africaine),055844.pdf,African Flower Petite Fleur Africaine.pdf,Vol1,1963
24273,Afro Blue,024273.pdf,Afro Blue.pdf,Vol1,1959
6675,After You've Gone,006675.pdf,After You've Gone.pdf,Vol3,1918
6651,After You,006651.pdf,After You.pdf,Vol3,
6693,Afternoon In Paris,006693.pdf,Afternoon In Paris.pdf,Vol1,1955
8000,Ain't Misbehavin',008000.pdf,Ain't Misbehavin'.pdf,Vol3,1929
44347,Ain't That A Kick In The Head,044347.pdf,Ain't That A Kick In The Head.pdf,Vol3,1961
8500,Air Mail Special,008500.pdf,Air Mail Special.pdf,Vol2,1941
8745,Airegin,008745.pdf,Airegin.pdf,Vol1,1963
983296,Aisha,983296.pdf,Aisha.pdf,Vol3,1961
986360,Alfie's Theme,986360.pdf,Alfie's Theme.pdf,Vol2,1966
10500,Alfie,010500.pdf,Alfie.pdf,Vol1,1966
10720,Alice In Wonderland,010720.pdf,Alice In Wonderland.pdf,Vol1,1951
3364,All Alone (Left Alone),003364.pdf,All Alone Left Alone.pdf,Vol2,1959
11570,All Blues,011570.pdf,All Blues.pdf,Vol1,1959
11590,All By Myself,011590.pdf,All By Myself.pdf,Vol1,1921
13500,All My Tomorrows,013500.pdf,All My Tomorrows.pdf,Vol3,1959
573870,(All Of A Sudden) My Heart Sings,573870.pdf,All Of A Sudden My Heart Sings.pdf,Vol2,1941
14060,All Of Me,014060.pdf,All Of Me.pdf,Vol1,1931
14070,All Of You,014070.pdf,All Of You.pdf,Vol1,1954
14250,All Or Nothing At All,014250.pdf,All Or Nothing At All.pdf,Vol3,1939
15010,All The Things You Are,015010.pdf,All The Things You Are.pdf,Vol1,1939
15080,All The Way,015080.pdf,All The Way.pdf,Vol3,1957
56889,Allanjuneally,056889.pdf,Allanjuneally.pdf,Vol3,1996
20130,Alone Too Long,020130.pdf,Alone Too Long.pdf,Vol3,1954
20136,Along Came Betty,020136.pdf,Along Came Betty.pdf,Vol3,1958
20650,|Alright, Okay, You Win|,020650.pdf,Alright Okay You Win.pdf,Vol1,1955
57331,Alto Itis,057331.pdf,Alto Itis.pdf,Vol2,1961
27389,Always And Forever,027389.pdf,Always And Forever.pdf,Vol3,
22043,Always,022043.pdf,Always.pdf,Vol1,1925
26200,Among My Souvenirs,026200.pdf,Among My Souvenirs.pdf,Vol3,1927
19285,|Amor (Amor, Amor, Amor)|,019285.pdf,Amor Amor Amor Amor.pdf,Vol3,1941
992516,Ana Maria,992516.pdf,Ana Maria.pdf,Vol1,1974
29600,Angel Eyes,029600.pdf,Angel Eyes.pdf,Vol1,1946
37891,Another Star,037891.pdf,Another Star.pdf,Vol2,1976
34058,Anthropology,034058.pdf,Anthropology.pdf,Vol1,1946
34068,Antigua,034068.pdf,Antigua.pdf,Vol3,1967
35535,Apple Honey,035535.pdf,Apple Honey.pdf,Vol1,1944
36100,April In Paris,036100.pdf,April In Paris.pdf,Vol1,1932
27393,April Joy,027393.pdf,April Joy.pdf,Vol1,1979
54987,April Skies,054987.pdf,April Skies.pdf,Vol2,1999
36910,Aquellos Ojos Verdes (Green Eyes),036910.pdf,Aquellos Ojos Verdes Green Eyes.pdf,Vol3,1929
37960,Are You Havin' Any Fun?,037960.pdf,Are You Havin' Any Fun.pdf,Vol2,1939
38560,Aren't You Glad You're You,038560.pdf,Aren't You Glad You're You.pdf,Vol3,1945
38700,|Arise, Her Eyes|,038700.pdf,Arise Her Eyes.pdf,Vol1,1969
33673,Armageddon,033673.pdf,Armageddon.pdf,Vol1,1964
42575,As Long As I Live,042575.pdf,As Long As I Live.pdf,Vol3,1934
19458,Ask Me Now,019458.pdf,Ask Me Now.pdf,Vol2,1978
45140,At Long Last Love,045140.pdf,At Long Last Love.pdf,Vol3,1937
45330,At Sundown,045330.pdf,At Sundown.pdf,Vol3,1927
512730,At The Mambo Inn,512730.pdf,At The Mambo Inn.pdf,Vol2,1952
46200,Au Privave,046200.pdf,Au Privave.pdf,Vol1,1956
56890,Autumn In 3,056890.pdf,Autumn In 3.pdf,Vol3,1996
47680,Autumn In New York,047680.pdf,Autumn In New York.pdf,Vol1,1934
47880,Autumn Leaves,047880.pdf,Autumn Leaves.pdf,Vol1,1947
48450,Avalon,048450.pdf,Avalon.pdf,Vol2,1920
19090,Azure,019090.pdf,Azure.pdf,Vol2,1937
17889,Ba-Lue Bolivar Ba-Lues-Are (Bolivar Blues),017889.pdf,Ba-Lue Bolivar Ba-Lues-Are Bolivar Blues.pdf,Vol2,1958
52160,|Baby, It's Cold Outside|,052160.pdf,Baby It's Cold Outside.pdf,Vol2,1948
55072,Bags And Trane,055072.pdf,Bags And Trane.pdf,Vol2,1961
53850,Bags' Groove,053850.pdf,Bags' Groove.pdf,Vol2,1958
18965,Baia (Bahía),018965.pdf,Baia Bahía.pdf,Vol3,1938
55550,Bali Ha'i,055550.pdf,Bali Ha'i.pdf,Vol2,1949
56891,Ballad For Trane,056891.pdf,Ballad For Trane.pdf,Vol3,1996
56350,Baltimore Oriole,056350.pdf,Baltimore Oriole.pdf,Vol2,1942
57935,Barbados,057935.pdf,Barbados.pdf,Vol2,1948
54956,Barbara,054956.pdf,Barbara.pdf,Vol2,1974
59000,Bark For Barksdale,059000.pdf,Bark For Barksdale.pdf,Vol3,1954
60230,Basin Street Blues,060230.pdf,Basin Street Blues.pdf,Vol2,1928
63080,|Be Careful, It's My Heart|,063080.pdf,Be Careful It's My Heart.pdf,Vol3,1942
62780,Be-Bop,062780.pdf,Be-Bop.pdf,Vol2,1944
983310,Beautiful Love,983310.pdf,Beautiful Love.pdf,Vol1,1931
15852,Beauty And The Beast,015852.pdf,Beauty And The Beast.pdf,Vol1,1976
69425,Bein' Green,069425.pdf,Bein' Green.pdf,Vol3,1970
72680,Bernie's Tune,072680.pdf,Bernie's Tune.pdf,Vol3,1953
73101,Bessie's Blues,073101.pdf,Bessie's Blues.pdf,Vol1,1977
54991,Better Leave It Alone,054991.pdf,Better Leave It Alone.pdf,Vol2,1962
73300,Between The Devil And The Deep Blue Sea,073300.pdf,Between The Devil And The Deep Blue Sea.pdf,Vol3,1931
73530,Bewitched,073530.pdf,Bewitched.pdf,Vol1,1941
73630,Beyond The Blue Horizon,073630.pdf,Beyond The Blue Horizon.pdf,Vol3,1930
73810,Beyond The Sea,073810.pdf,Beyond The Sea.pdf,Vol2,1945
75578,Big Nick,075578.pdf,Big Nick.pdf,Vol1,1977
75590,Big P,075590.pdf,Big P.pdf,Vol2,1960
76290,Bijou,076290.pdf,Bijou.pdf,Vol3,1945
58036,Bill's Hit Tune,058036.pdf,Bill's Hit Tune.pdf,Vol2,1979
79015,Billie's Blues (I Love My Man),079015.pdf,Billie's Blues I Love My Man.pdf,Vol2,1956
78665,Billie's Bounce (Bill's Bounce),078665.pdf,Billie's Bounce Bill's Bounce.pdf,Vol2,1945
79220,Bird Feathers,079220.pdf,Bird Feathers.pdf,Vol2,1961
79600,Birdland,079600.pdf,Birdland.pdf,Vol2,1977
13013,Birk's Works,013013.pdf,Birk's Works.pdf,Vol2,1957
38930,Bitches Brew,038930.pdf,Bitches Brew.pdf,Vol3,1969
81490,Black And Tan Fantasy,081490.pdf,Black And Tan Fantasy.pdf,Vol2,1927
81520,Black Coffee,081520.pdf,Black Coffee.pdf,Vol1,1948
60802,Black Diamond,060802.pdf,Black Diamond.pdf,Vol1,1978
983312,Black Narcissus,983312.pdf,Black Narcissus.pdf,Vol1,1969
33674,Black Nile,033674.pdf,Black Nile.pdf,Vol1,1964
957173,Black Orpheus,957173.pdf,Black Orpheus.pdf,Vol1,1968
81809,Blackberry Winter,081809.pdf,Blackberry Winter.pdf,Vol3,1976
81993,Blame It On My Youth,081993.pdf,Blame It On My Youth.pdf,Vol2,1934
84710,Bloomdido,084710.pdf,Bloomdido.pdf,Vol2,1953
41430,Blow Mr. Dexter,041430.pdf,Blow Mr. Dexter.pdf,Vol2,1946
87582,Blue 'N Boogie,087582.pdf,Blue 'N Boogie.pdf,Vol2,1944
985280,Blue Bird,985280.pdf,Blue Bird.pdf,Vol3,1948
983314,Blue Bossa,983314.pdf,Blue Bossa.pdf,Vol1,1965
86400,Blue Champagne,086400.pdf,Blue Champagne.pdf,Vol3,1941
87426,Blue In Green,087426.pdf,Blue In Green.pdf,Vol1,1959
956891,Blue Monk,956891.pdf,Blue Monk.pdf,Vol1,1962
87597,Blue Prelude,087597.pdf,Blue Prelude.pdf,Vol3,1933
9815,Blue Serge,009815.pdf,Blue Serge.pdf,Vol2,1944
41774,Blue Seven,041774.pdf,Blue Seven.pdf,Vol2,1965
54957,Blue Silver,054957.pdf,Blue Silver.pdf,Vol2,1967
88160,Blue Skies,088160.pdf,Blue Skies.pdf,Vol2,1927
88555,Blue Train (Blue Trane),088555.pdf,Blue Train Blue Trane.pdf,Vol1,1957
9417,Blues By Five,009417.pdf,Blues By Five.pdf,Vol2,1965
983122,Blues For Alice,983122.pdf,Blues For Alice.pdf,Vol1,1956
58831,Blues For Wood,058831.pdf,Blues For Wood.pdf,Vol2,1981
89480,Blues In The Closet,089480.pdf,Blues In The Closet.pdf,Vol2,1955
89620,Blues March,089620.pdf,Blues March.pdf,Vol2,1958
89870,Bluesette,089870.pdf,Bluesette.pdf,Vol1,1963
90630,Body And Soul,090630.pdf,Body And Soul.pdf,Vol1,1930
55941,Bohemia After Dark,055941.pdf,Bohemia After Dark.pdf,Vol2,1955
983424,Bolivia,983424.pdf,Bolivia.pdf,Vol3,1975
91919,Booker's Waltz,091919.pdf,Booker's Waltz.pdf,Vol2,1960
983190,Boplicity (Be Bop Lives),983190.pdf,Boplicity Be Bop Lives.pdf,Vol1,1949
92410,Born To Be Blue,092410.pdf,Born To Be Blue.pdf,Vol3,1946
12321,Bossa Antigua,012321.pdf,Bossa Antigua.pdf,Vol3,1965
983319,Bouncing With Bud,983319.pdf,Bouncing With Bud.pdf,Vol2,1947
96330,Brazil,096330.pdf,Brazil.pdf,Vol3,1941
96800,Breakin' Away,096800.pdf,Breakin' Away.pdf,Vol3,1981
97600,Brian's Song,097600.pdf,Brian's Song.pdf,Vol2,1972
54992,Bright Boy,054992.pdf,Bright Boy.pdf,Vol2,1999
27405,Bright Size Life,027405.pdf,Bright Size Life.pdf,Vol1,1975
17892,Brilliant Corners,017892.pdf,Brilliant Corners.pdf,Vol2,1958
59319,Broad Way Blues,059319.pdf,Broad Way Blues.pdf,Vol1,1968
99440,Broadway,099440.pdf,Broadway.pdf,Vol1,1940
10153,Bud Powell,010153.pdf,Bud Powell.pdf,Vol3,1980
100930,Budo,100930.pdf,Budo.pdf,Vol2,1956
54993,Bunko,054993.pdf,Bunko.pdf,Vol2,1955
54348,Buster Rides Again,054348.pdf,Buster Rides Again.pdf,Vol2,1958
104950,But Beautiful,104950.pdf,But Beautiful.pdf,Vol1,1947
30822,Butterfly,030822.pdf,Butterfly.pdf,Vol1,1974
106670,Buzzy,106670.pdf,Buzzy.pdf,Vol3,1947
107600,By Myself,107600.pdf,By Myself.pdf,Vol3,1937
108410,Bye Bye Baby,108410.pdf,Bye Bye Baby.pdf,Vol3,1949
109060,Bye Bye Blackbird,109060.pdf,Bye Bye Blackbird.pdf,Vol2,1926
108600,Byrd Like,108600.pdf,Byrd Like.pdf,Vol1,1961
72770,Bésame Mucho (Kiss Me Much),072770.pdf,Bésame Mucho Kiss Me Much.pdf,Vol3,1941
110580,C'est Si Bon (It's So Good),110580.pdf,C'est Si Bon It's So Good.pdf,Vol1,1947
988044,C-Jam Blues,988044.pdf,C-Jam Blues.pdf,Vol2,1942
111300,Caldonia (What Makes Your Big Head So Hard?),111300.pdf,Caldonia What Makes Your Big Head So Hard.pdf,Vol3,1945
112680,Call Me Irresponsible,112680.pdf,Call Me Irresponsible.pdf,Vol1,1962
112290,Call Me,112290.pdf,Call Me.pdf,Vol1,1965
116850,Can't Help Lovin' Dat Man,116850.pdf,Can't Help Lovin' Dat Man.pdf,Vol1,1927
118230,Candy,118230.pdf,Candy.pdf,Vol2,1944
18373,Cantelope Island,018373.pdf,Cantelope Island.pdf,Vol2,
10155,Captain Marvel,010155.pdf,Captain Marvel.pdf,Vol1,1972
119200,Caravan,119200.pdf,Caravan.pdf,Vol2,1937
119625,Careful,119625.pdf,Careful.pdf,Vol3,1960
30615,Cariba,030615.pdf,Cariba.pdf,Vol3,1965
122700,Cast Your Fate To The Wind,122700.pdf,Cast Your Fate To The Wind.pdf,Vol2,1961
12930,Celia,012930.pdf,Celia.pdf,Vol3,1977
124155,Central Park West,124155.pdf,Central Park West.pdf,Vol1,1977
30120,Ceora,030120.pdf,Ceora.pdf,Vol1,1965
124480,Chameleon,124480.pdf,Chameleon.pdf,Vol2,1973
125500,Change Partners,125500.pdf,Change Partners.pdf,Vol3,1937
128421,Chasin' The Trane,128421.pdf,Chasin' The Trane.pdf,Vol2,1977
129200,Cheek To Cheek,129200.pdf,Cheek To Cheek.pdf,Vol3,1935
129490,Cheesecake,129490.pdf,Cheesecake.pdf,Vol2,1962
55465,Cheetah,055465.pdf,Cheetah.pdf,Vol3,1957
129500,Chega De Saudade (No More Blues),129500.pdf,Chega De Saudade No More Blues.pdf,Vol1,1962
58818,Chelsea Bells,058818.pdf,Chelsea Bells.pdf,Vol1,1975
129510,Chelsea Bridge,129510.pdf,Chelsea Bridge.pdf,Vol1,1941
129850,Cherokee (Indian Love Song),129850.pdf,Cherokee Indian Love Song.pdf,Vol1,1938
130075,Cherry Pink And Apple Blossom White,130075.pdf,Cherry Pink And Apple Blossom White.pdf,Vol1,1950
130090,Cheryl,130090.pdf,Cheryl.pdf,Vol3,1947
130701,Chicago (That Toddlin' Town),130701.pdf,Chicago That Toddlin' Town.pdf,Vol3,1922
54965,Chippie,054965.pdf,Chippie.pdf,Vol1,1958
132285,Chitlins Con Carne,132285.pdf,Chitlins Con Carne.pdf,Vol1,1963
26413,Circle,026413.pdf,Circle.pdf,Vol2,1965
986059,Close Your Eyes,986059.pdf,Close Your Eyes.pdf,Vol2,1932
983432,Cold Duck Time,983432.pdf,Cold Duck Time.pdf,Vol2,1969
153125,Come Fly With Me,153125.pdf,Come Fly With Me.pdf,Vol3,1958
153925,Come Rain Or Come Shine,153925.pdf,Come Rain Or Come Shine.pdf,Vol2,1946
154100,Come Sunday,154100.pdf,Come Sunday.pdf,Vol1,1946
38926,Comin' Home Baby,038926.pdf,Comin' Home Baby.pdf,Vol2,1962
158150,Como En Vietnam,158150.pdf,Como En Vietnam.pdf,Vol1,1969
13014,Con Alma,013014.pdf,Con Alma.pdf,Vol1,1956
9851,Conception,009851.pdf,Conception.pdf,Vol1,1950
161000,Confirmation,161000.pdf,Confirmation.pdf,Vol1,1946
40742,Contemplation,040742.pdf,Contemplation.pdf,Vol1,1963
30966,Continuum,030966.pdf,Continuum.pdf,Vol3,1974
986912,Cool Blues,986912.pdf,Cool Blues.pdf,Vol2,1961
164210,Copenhagen,164210.pdf,Copenhagen.pdf,Vol3,1924
59295,Coral,059295.pdf,Coral.pdf,Vol1,1972
7737,Cotton Tail,007737.pdf,Cotton Tail.pdf,Vol1,1940
167000,Could It Be You,167000.pdf,Could It Be You.pdf,Vol1,1942
167398,Countdown,167398.pdf,Countdown.pdf,Vol1,1977
168345,Cousin Mary,168345.pdf,Cousin Mary.pdf,Vol2,1974
13976,Crazeology,013976.pdf,Crazeology.pdf,Vol2,1950
105907,Crazy She Calls Me,105907.pdf,Crazy She Calls Me.pdf,Vol3,1949
171240,Crazy,171240.pdf,Crazy.pdf,Vol3,1961
996621,Crepuscule,996621.pdf,Crepuscule.pdf,Vol2,1941
171595,Crescent,171595.pdf,Crescent.pdf,Vol1,1977
17896,Criss Cross,017896.pdf,Criss Cross.pdf,Vol2,1962
30117,Crosscurrent,030117.pdf,Crosscurrent.pdf,Vol2,
173660,Cry Me A River,173660.pdf,Cry Me A River.pdf,Vol3,1953
12872,Crystal Silence,012872.pdf,Crystal Silence.pdf,Vol1,1972
176310,D Natural Blues,176310.pdf,D Natural Blues.pdf,Vol1,1961
176315,Daahoud,176315.pdf,Daahoud.pdf,Vol1,1962
6117,Dance Of The Infidels,006117.pdf,Dance Of The Infidels.pdf,Vol2,1972
179741,Dancing On The Ceiling,179741.pdf,Dancing On The Ceiling.pdf,Vol1,1931
181450,Dark Eyes,181450.pdf,Dark Eyes.pdf,Vol3,
182590,Darn That Dream,182590.pdf,Darn That Dream.pdf,Vol1,1939
182595,Dat Dere,182595.pdf,Dat Dere.pdf,Vol2,1960
182803,Day By Day,182803.pdf,Day By Day.pdf,Vol2,1945
1187,Day Dream,001187.pdf,Day Dream.pdf,Vol3,1940
60417,Day Waves,060417.pdf,Day Waves.pdf,Vol1,1972
59296,Days And Nights Waiting,059296.pdf,Days And Nights Waiting.pdf,Vol1,1967
59338,Dear Old Stockholm,059338.pdf,Dear Old Stockholm.pdf,Vol1,1800
186960,Dearly Beloved,186960.pdf,Dearly Beloved.pdf,Vol1,1942
187830,Dedicated To You,187830.pdf,Dedicated To You.pdf,Vol1,1936
55620,Deluge,055620.pdf,Deluge.pdf,Vol1,1964
39831,Desafinado,039831.pdf,Desafinado.pdf,Vol1,1959
60419,Desert Air,060419.pdf,Desert Air.pdf,Vol1,1977
12961,Detour Ahead,012961.pdf,Detour Ahead.pdf,Vol1,1948
190900,Dewey Square,190900.pdf,Dewey Square.pdf,Vol2,1958
41415,Dexter Rides Again,041415.pdf,Dexter Rides Again.pdf,Vol2,1950
60420,Dexterity,060420.pdf,Dexterity.pdf,Vol1,1960
957991,Didn't We,957991.pdf,Didn't We.pdf,Vol2,1966
983327,Dig,983327.pdf,Dig.pdf,Vol3,1964
996625,Diminushing,996625.pdf,Diminushing.pdf,Vol3,1958
194301,Dinah,194301.pdf,Dinah.pdf,Vol2,1925
194350,Dindi,194350.pdf,Dindi.pdf,Vol2,1965
195980,Dizzy Atmosphere,195980.pdf,Dizzy Atmosphere.pdf,Vol1,1944
197500,Django,197500.pdf,Django.pdf,Vol1,1955
197700,Do I Love You Because You're Beautiful?,197700.pdf,Do I Love You Because You're Beautiful.pdf,Vol2,1957
198370,Do Nothin' Till You Hear From Me,198370.pdf,Do Nothin' Till You Hear From Me.pdf,Vol2,1943
198550,Do You Know What It Means To Miss New Orleans,198550.pdf,Do You Know What It Means To Miss New Orleans.pdf,Vol2,1946
58819,Doin' The Pig,058819.pdf,Doin' The Pig.pdf,Vol1,1969
55623,Dolores,055623.pdf,Dolores.pdf,Vol1,1967
15632,Dolphin Dance,015632.pdf,Dolphin Dance.pdf,Vol1,1966
58821,Domino Biscuit,058821.pdf,Domino Biscuit.pdf,Vol1,1975
200410,Don't Blame Me,200410.pdf,Don't Blame Me.pdf,Vol1,1932
663250,Don't Ever Go Away (Por Causa De Voce),663250.pdf,Don't Ever Go Away Por Causa De Voce.pdf,Vol3,1965
200735,Don't Explain,200735.pdf,Don't Explain.pdf,Vol2,1946
200875,Don't Get Around Much Anymore,200875.pdf,Don't Get Around Much Anymore.pdf,Vol1,1942
45101,Don't Know Why,045101.pdf,Don't Know Why.pdf,Vol3,2002
202125,Don't Take Your Love From Me,202125.pdf,Don't Take Your Love From Me.pdf,Vol3,1941
202201,Don't Worry 'Bout Me,202201.pdf,Don't Worry 'Bout Me.pdf,Vol3,1939
203260,Donna Lee,203260.pdf,Donna Lee.pdf,Vol1,1947
15532,Down For Double,015532.pdf,Down For Double.pdf,Vol2,1941
207120,Doxy,207120.pdf,Doxy.pdf,Vol2,1963
207670,Dream A Little Dream Of Me,207670.pdf,Dream A Little Dream Of Me.pdf,Vol1,1930
208160,Dream Dancing,208160.pdf,Dream Dancing.pdf,Vol3,1941
209160,Dreamsville,209160.pdf,Dreamsville.pdf,Vol1,1959
951401,Dreamy,951401.pdf,Dreamy.pdf,Vol3,1956
1208,Drop Me Off In Harlem,001208.pdf,Drop Me Off In Harlem.pdf,Vol3,1933
56552,Duff,056552.pdf,Duff.pdf,Vol2,1956
983332,E.S.P.,983332.pdf,E.S.P..pdf,Vol1,1965
216400,Early Autumn,216400.pdf,Early Autumn.pdf,Vol2,1949
31626,Early Morning Mood,031626.pdf,Early Morning Mood.pdf,Vol3,1959
216790,East Of The Sun (And West Of The Moon),216790.pdf,East Of The Sun And West Of The Moon.pdf,Vol3,1934
1372,East St. Louis Toodle-oo,001372.pdf,East St. Louis Toodle-oo.pdf,Vol3,1927
55657,East To Wes,055657.pdf,East To Wes.pdf,Vol3,1988
217170,Easter Parade,217170.pdf,Easter Parade.pdf,Vol1,1933
860,Easy Living,000860.pdf,Easy Living.pdf,Vol1,1937
10132,Easy Street,010132.pdf,Easy Street.pdf,Vol3,1941
217740,Easy To Love (You'd Be So Easy To Love),217740.pdf,Easy To Love You'd Be So Easy To Love.pdf,Vol1,1936
992455,Ecclusiastics,992455.pdf,Ecclusiastics.pdf,Vol1,1975
954417,Eclypso,954417.pdf,Eclypso.pdf,Vol2,1991
983329,Eighty One,983329.pdf,Eighty One.pdf,Vol1,1965
12146,Einbahnstrasse,012146.pdf,Einbahnstrasse.pdf,Vol2,1966
31778,El Gaucho,031778.pdf,El Gaucho.pdf,Vol1,1968
12323,Eleven Four,012323.pdf,Eleven Four.pdf,Vol3,1961
39746,Elogie,039746.pdf,Elogie.pdf,Vol3,1956
54994,Elora,054994.pdf,Elora.pdf,Vol2,1965
223310,Emancipation Blues,223310.pdf,Emancipation Blues.pdf,Vol2,1963
60136,Epilogue,060136.pdf,Epilogue.pdf,Vol2,1965
986058,Epistrophy,986058.pdf,Epistrophy.pdf,Vol1,1947
225620,Equinox,225620.pdf,Equinox.pdf,Vol1,1977
55649,Equipoise,055649.pdf,Equipoise.pdf,Vol1,1968
988161,Estate,988161.pdf,Estate.pdf,Vol2,1960
233610,Ev'ry Time We Say Goodbye,233610.pdf,Ev'ry Time We Say Goodbye.pdf,Vol3,1944
232900,Ev'rything I Love,232900.pdf,Ev'rything I Love.pdf,Vol3,1941
232850,Everything Happens To Me,232850.pdf,Everything Happens To Me.pdf,Vol3,1941
232880,Everything I Have Is Yours,232880.pdf,Everything I Have Is Yours.pdf,Vol2,1933
233800,Exactly Like You,233800.pdf,Exactly Like You.pdf,Vol3,1930
61135,Eye Of The Hurricane,061135.pdf,Eye Of The Hurricane.pdf,Vol2,1982
55151,Ezz-thetic,055151.pdf,Ezz-thetic.pdf,Vol2,1949
983333,Fall,983333.pdf,Fall.pdf,Vol1,1968
238433,Falling Grace,238433.pdf,Falling Grace.pdf,Vol1,1966
862,Falling In Love Again (Can't Help It),000862.pdf,Falling In Love Again Can't Help It.pdf,Vol3,1930
238830,Falling In Love With Love,238830.pdf,Falling In Love With Love.pdf,Vol1,1938
27427,Farmer's Trust,027427.pdf,Farmer's Trust.pdf,Vol2,1983
1205,Fee-Fi-Fo-Fum,001205.pdf,Fee-Fi-Fo-Fum.pdf,Vol1,1965
243200,Feel Like Makin' Love,243200.pdf,Feel Like Makin' Love.pdf,Vol3,1973
9835,Feels So Good,009835.pdf,Feels So Good.pdf,Vol2,1977
244150,Fever,244150.pdf,Fever.pdf,Vol2,1956
244535,Fields Of Gold,244535.pdf,Fields Of Gold.pdf,Vol3,1993
983442,Filthy McNasty,983442.pdf,Filthy McNasty.pdf,Vol2,1961
245890,Fine And Mellow,245890.pdf,Fine And Mellow.pdf,Vol3,1940
12151,First Trip,012151.pdf,First Trip.pdf,Vol2,1969
248200,Five Brothers,248200.pdf,Five Brothers.pdf,Vol2,1949
248740,Five Spot After Dark,248740.pdf,Five Spot After Dark.pdf,Vol2,1959
251180,Fly Me To The Moon (In Other Words),251180.pdf,Fly Me To The Moon In Other Words.pdf,Vol2,1954
251300,Flying Home,251300.pdf,Flying Home.pdf,Vol2,1940
57422,Follow Your Heart,057422.pdf,Follow Your Heart.pdf,Vol1,1970
253630,Footprints,253630.pdf,Footprints.pdf,Vol1,1967
253840,For All We Know,253840.pdf,For All We Know.pdf,Vol1,1934
254100,For Every Man There's A Woman,254100.pdf,For Every Man There's A Woman.pdf,Vol3,1948
957373,For Heaven's Sake,957373.pdf,For Heaven's Sake.pdf,Vol1,1948
54287,Forest Flower,054287.pdf,Forest Flower.pdf,Vol1,1964
258920,Four Brothers,258920.pdf,Four Brothers.pdf,Vol2,1948
259045,Four On Six,259045.pdf,Four On Six.pdf,Vol1,1960
257600,Four,257600.pdf,Four.pdf,Vol1,1963
54995,Fox Hunt,054995.pdf,Fox Hunt.pdf,Vol2,1999
12506,Freckle Face,012506.pdf,Freckle Face.pdf,Vol3,1975
260370,Freddie Freeloader,260370.pdf,Freddie Freeloader.pdf,Vol1,1959
983444,Freedom Jazz Dance,983444.pdf,Freedom Jazz Dance.pdf,Vol1,1965
983205,Freight Trane,983205.pdf,Freight Trane.pdf,Vol2,1969
261060,Frenesí,261060.pdf,Frenesí.pdf,Vol2,1939
262830,From This Moment On,262830.pdf,From This Moment On.pdf,Vol3,1950
30650,Full House,030650.pdf,Full House.pdf,Vol1,1965
263424,Full Moon And Empty Arms,263424.pdf,Full Moon And Empty Arms.pdf,Vol3,1946
983339,Funkallero,983339.pdf,Funkallero.pdf,Vol3,1971
54996,Funky,054996.pdf,Funky.pdf,Vol2,1965
266979,|Gee Baby, Ain't I Good To You|,266979.pdf,Gee Baby Ain't I Good To You.pdf,Vol1,1929
983341,Gemini,983341.pdf,Gemini.pdf,Vol1,1962
269420,Georgia On My Mind,269420.pdf,Georgia On My Mind.pdf,Vol2,1930
270560,Get Happy,270560.pdf,Get Happy.pdf,Vol3,1929
270800,Get Me To The Church On Time,270800.pdf,Get Me To The Church On Time.pdf,Vol2,1956
270980,Get Out Of Town,270980.pdf,Get Out Of Town.pdf,Vol2,1938
54997,Gettin' It Togetha,054997.pdf,Gettin' It Togetha.pdf,Vol2,2003
282086,Giant Steps,282086.pdf,Giant Steps.pdf,Vol1,1974
986705,Girl Talk,986705.pdf,Girl Talk.pdf,Vol2,1965
278110,Glad To Be Unhappy,278110.pdf,Glad To Be Unhappy.pdf,Vol3,1936
983342,Gloria's Step,983342.pdf,Gloria's Step.pdf,Vol1,1962
281985,God Bless' The Child,281985.pdf,God Bless' The Child.pdf,Vol1,1941
21773,Golden Lady,021773.pdf,Golden Lady.pdf,Vol1,1973
285600,Gone With The Wind,285600.pdf,Gone With The Wind.pdf,Vol3,1937
55625,Good Evening Mr. And Mrs. America,055625.pdf,Good Evening Mr. And Mrs. America.pdf,Vol1,1975
288280,Good Morning Heartache,288280.pdf,Good Morning Heartache.pdf,Vol3,1945
990100,Got A Match?,990100.pdf,Got A Match.pdf,Vol3,1986
296250,Grand Central,296250.pdf,Grand Central.pdf,Vol1,1977
634,Gravy Waltz,000634.pdf,Gravy Waltz.pdf,Vol2,1962
983449,Gregory Is Here,983449.pdf,Gregory Is Here.pdf,Vol2,1972
91920,Grooveyard,091920.pdf,Grooveyard.pdf,Vol2,1958
297695,Groovin' High,297695.pdf,Groovin' High.pdf,Vol1,1944
59297,Grow Your Own,059297.pdf,Grow Your Own.pdf,Vol1,1968
9181,Guilty,009181.pdf,Guilty.pdf,Vol1,1931
60135,Gypsy In My Soul,060135.pdf,Gypsy In My Soul.pdf,Vol1,1937
27440,H & H,027440.pdf,H  H.pdf,Vol3,1991
17901,Hackensack,017901.pdf,Hackensack.pdf,Vol2,1978
303280,Half Nelson,303280.pdf,Half Nelson.pdf,Vol1,1948
983346,Hallucinations,983346.pdf,Hallucinations.pdf,Vol2,1965
308570,Happy Hunting Horn,308570.pdf,Happy Hunting Horn.pdf,Vol3,1951
56585,Happy Little Sunbeam,056585.pdf,Happy Little Sunbeam.pdf,Vol2,1952
310460,Hard Hearted Hannah (The Vamp Of Savannah),310460.pdf,Hard Hearted Hannah The Vamp Of Savannah.pdf,Vol3,1924
311300,Harlem Nocturne,311300.pdf,Harlem Nocturne.pdf,Vol3,1940
311850,Haunted Heart,311850.pdf,Haunted Heart.pdf,Vol3,1948
312030,Have You Met Miss Jones?,312030.pdf,Have You Met Miss Jones.pdf,Vol1,1937
983348,Havona,983348.pdf,Havona.pdf,Vol2,1976
41777,Head And Shoulders,041777.pdf,Head And Shoulders.pdf,Vol2,1967
318062,Heart And Soul,318062.pdf,Heart And Soul.pdf,Vol3,1938
318820,Heat Wave,318820.pdf,Heat Wave.pdf,Vol3,1933
11542,Heaven,011542.pdf,Heaven.pdf,Vol1,1968
319981,Heebie Jeebies,319981.pdf,Heebie Jeebies.pdf,Vol1,1926
321750,|Hello, Young Lovers|,321750.pdf,Hello Young Lovers.pdf,Vol1,1951
324330,Here's That Rainy Day,324330.pdf,Here's That Rainy Day.pdf,Vol1,1949
324490,Here's To My Lady,324490.pdf,Here's To My Lady.pdf,Vol3,1951
55522,Hi Beck,055522.pdf,Hi Beck.pdf,Vol2,1958
327153,High Fly,327153.pdf,High Fly.pdf,Vol2,1958
328780,High Hopes,328780.pdf,High Hopes.pdf,Vol3,1959
101455,Hit That Mess,101455.pdf,Hit That Mess.pdf,Vol3,1941
322100,Ho-Ba-La-La,322100.pdf,Ho-Ba-La-La.pdf,Vol2,1964
41781,Hocus-Pocus,041781.pdf,Hocus-Pocus.pdf,Vol2,1964
56516,Holy Land,056516.pdf,Holy Land.pdf,Vol2,1962
337440,Honeysuckle Rose,337440.pdf,Honeysuckle Rose.pdf,Vol2,1929
338700,Hooray For Love,338700.pdf,Hooray For Love.pdf,Vol3,1948
983450,Horace Scope,983450.pdf,Horace Scope.pdf,Vol2,1956
13019,Hot Toddy,013019.pdf,Hot Toddy.pdf,Vol1,1953
55621,House Of Jade,055621.pdf,House Of Jade.pdf,Vol1,1964
342570,How Are Things In Glocca Morra,342570.pdf,How Are Things In Glocca Morra.pdf,Vol3,1946
343520,How Deep Is The Ocean (How High Is The Sky),343520.pdf,How Deep Is The Ocean How High Is The Sky.pdf,Vol3,1932
344100,How High The Moon,344100.pdf,How High The Moon.pdf,Vol1,1940
344280,How Insensitive (Insensatez),344280.pdf,How Insensitive Insensatez.pdf,Vol1,1963
12022,How My Heart Sings,012022.pdf,How My Heart Sings.pdf,Vol1,
344970,Hullo Bolinas,344970.pdf,Hullo Bolinas.pdf,Vol1,1971
54971,Hummin',054971.pdf,Hummin'.pdf,Vol2,1969
18486,Humpty Dumpty,018486.pdf,Humpty Dumpty.pdf,Vol2,1978
348790,I Ain't Got Nobody (And Nobody Cares For Me),348790.pdf,I Ain't Got Nobody And Nobody Cares For Me.pdf,Vol3,1915
348900,I Ain't Got Nothin' But The Blues,348900.pdf,I Ain't Got Nothin' But The Blues.pdf,Vol3,1944
349990,I Believe In You,349990.pdf,I Believe In You.pdf,Vol2,1961
350400,I Can't Believe That You're In Love With Me,350400.pdf,I Can't Believe That You're In Love With Me.pdf,Vol3,1926
350470,I Can't Get Started With You,350470.pdf,I Can't Get Started With You.pdf,Vol1,1935
350600,I Can't Give You Anything But Love,350600.pdf,I Can't Give You Anything But Love.pdf,Vol1,1928
351820,I Concentrate On You,351820.pdf,I Concentrate On You.pdf,Vol3,1939
351880,I Could Have Danced All Night,351880.pdf,I Could Have Danced All Night.pdf,Vol3,1956
352260,I Could Write A Book,352260.pdf,I Could Write A Book.pdf,Vol1,1940
352510,I Cried For You,352510.pdf,I Cried For You.pdf,Vol3,1923
352600,I Didn't Know What Time It Was,352600.pdf,I Didn't Know What Time It Was.pdf,Vol3,1939
994036,I Don't Know Enough About You,994036.pdf,I Don't Know Enough About You.pdf,Vol3,1946
353400,I Don't Know Why (I Just Do),353400.pdf,I Don't Know Why I Just Do.pdf,Vol3,1931
271625,I Don't Stand A Ghost Of A Chance,271625.pdf,I Don't Stand A Ghost Of A Chance.pdf,Vol2,1932
353870,I Don't Want To Walk Without You,353870.pdf,I Don't Want To Walk Without You.pdf,Vol3,1941
355111,I Found A Million Dollar Baby (In A Five And Ten Cent Store),355111.pdf,I Found A Million Dollar Baby In A Five And Ten Cent Store.pdf,Vol3,1931
159,I Get Along Without You Very Well (Except Sometimes),000159.pdf,I Get Along Without You Very Well Except Sometimes.pdf,Vol2,1938
356550,I Got It Bad And That Ain't Good,356550.pdf,I Got It Bad And That Ain't Good.pdf,Vol1,1941
357390,I Got The Sun In The Morning,357390.pdf,I Got The Sun In The Morning.pdf,Vol3,1946
357490,I Gotta Right To Sing The Blues,357490.pdf,I Gotta Right To Sing The Blues.pdf,Vol3,1932
298575,I Guess I'll Hang My Tears Out To Dry,298575.pdf,I Guess I'll Hang My Tears Out To Dry.pdf,Vol3,1944
358500,I Have Dreamed,358500.pdf,I Have Dreamed.pdf,Vol2,1951
998565,I Hear A Rhapsody,998565.pdf,I Hear A Rhapsody.pdf,Vol2,1941
358675,I Hear Music,358675.pdf,I Hear Music.pdf,Vol3,1940
10363,I Keep Going Back To Joe's,010363.pdf,I Keep Going Back To Joe's.pdf,Vol3,1961
360525,I Left My Heart In San Francisco,360525.pdf,I Left My Heart In San Francisco.pdf,Vol3,1954
360650,I Let A Song Go Out Of My Heart,360650.pdf,I Let A Song Go Out Of My Heart.pdf,Vol1,1938
361190,I Like The Likes Of You,361190.pdf,I Like The Likes Of You.pdf,Vol3,1933
362300,I Love Paris,362300.pdf,I Love Paris.pdf,Vol1,1953
255360,(I Love You) For Sentimental Reasons,255360.pdf,I Love You For Sentimental Reasons.pdf,Vol1,1945
363060,I Love You,363060.pdf,I Love You.pdf,Vol1,1943
983349,I Mean You,983349.pdf,I Mean You.pdf,Vol1,1947
12252,I Remember Bird,012252.pdf,I Remember Bird.pdf,Vol2,1967
364206,I Remember Clifford,364206.pdf,I Remember Clifford.pdf,Vol1,1957
364222,I Remember You,364222.pdf,I Remember You.pdf,Vol2,1942
365500,I Should Care,365500.pdf,I Should Care.pdf,Vol1,1944
366700,I Thought About You,366700.pdf,I Thought About You.pdf,Vol2,1939
368015,I Wanna Be Loved,368015.pdf,I Wanna Be Loved.pdf,Vol3,1932
370880,I Will Wait For You,370880.pdf,I Will Wait For You.pdf,Vol2,1965
370897,I Wish I Didn't Love You So,370897.pdf,I Wish I Didn't Love You So.pdf,Vol2,1947
15428,I Wish I Knew How It Would Feel To Be Free,015428.pdf,I Wish I Knew How It Would Feel To Be Free.pdf,Vol1,1964
371500,I Wish I Were In Love Again,371500.pdf,I Wish I Were In Love Again.pdf,Vol3,1937
371640,I Wish You Love,371640.pdf,I Wish You Love.pdf,Vol3,1946
371675,I Wished On The Moon,371675.pdf,I Wished On The Moon.pdf,Vol3,1934
371830,I Won't Dance,371830.pdf,I Won't Dance.pdf,Vol3,1934
375150,I'll Be Around,375150.pdf,I'll Be Around.pdf,Vol3,1942
375270,I'll Be Seeing You,375270.pdf,I'll Be Seeing You.pdf,Vol3,1938
10025,I'll Close My Eyes,010025.pdf,I'll Close My Eyes.pdf,Vol3,1945
376010,I'll Get By (As Long As I Have You),376010.pdf,I'll Get By As Long As I Have You.pdf,Vol3,1928
376260,I'll Know,376260.pdf,I'll Know.pdf,Vol2,1950
377350,I'll Never Smile Again,377350.pdf,I'll Never Smile Again.pdf,Vol1,1939
377910,I'll Remember April,377910.pdf,I'll Remember April.pdf,Vol1,1941
379050,I'll Take Romance,379050.pdf,I'll Take Romance.pdf,Vol3,1937
11808,I'm A Fool To Want You,011808.pdf,I'm A Fool To Want You.pdf,Vol2,1951
983462,(I'm Afraid) The Masquerade Is Over,983462.pdf,I'm Afraid The Masquerade Is Over.pdf,Vol3,1938
379960,I'm All Smiles,379960.pdf,I'm All Smiles.pdf,Vol1,1964
380170,I'm Always Chasing Rainbows,380170.pdf,I'm Always Chasing Rainbows.pdf,Vol3,1917
380650,I'm Beginning To See The Light,380650.pdf,I'm Beginning To See The Light.pdf,Vol1,1944
381330,I'm Confessin' (That I Love You),381330.pdf,I'm Confessin' That I Love You.pdf,Vol2,1930
381720,I'm Glad There Is You (In This World Of Ordinary People),381720.pdf,I'm Glad There Is You In This World Of Ordinary People.pdf,Vol3,1941
7626,I'm Hip,007626.pdf,I'm Hip.pdf,Vol3,1967
381944,I'm Just A Lucky So And So,381944.pdf,I'm Just A Lucky So And So.pdf,Vol2,1945
382470,I'm Old Fashioned,382470.pdf,I'm Old Fashioned.pdf,Vol3,1942
382560,I'm Putting All My Eggs In One Basket,382560.pdf,I'm Putting All My Eggs In One Basket.pdf,Vol2,1936
382870,I'm Sitting On Top Of The World,382870.pdf,I'm Sitting On Top Of The World.pdf,Vol3,1925
383709,I'm Your Pal,383709.pdf,I'm Your Pal.pdf,Vol1,1967
384730,I've Found A New Baby (I Found A New Baby),384730.pdf,I've Found A New Baby I Found A New Baby.pdf,Vol2,1926
385320,I've Got My Love To Keep Me Warm,385320.pdf,I've Got My Love To Keep Me Warm.pdf,Vol3,1936
385350,I've Got The World On A String,385350.pdf,I've Got The World On A String.pdf,Vol3,1932
385370,I've Got You Under My Skin,385370.pdf,I've Got You Under My Skin.pdf,Vol3,1936
385400,I've Grown Accustomed To Her Face,385400.pdf,I've Grown Accustomed To Her Face.pdf,Vol3,1956
385420,I've Heard That Song Before,385420.pdf,I've Heard That Song Before.pdf,Vol3,1942
385700,I've Never Been In Love Before,385700.pdf,I've Never Been In Love Before.pdf,Vol3,1950
386080,I've Told Ev'ry Little Star,386080.pdf,I've Told Ev'ry Little Star.pdf,Vol2,1932
57328,Icarus,057328.pdf,Icarus.pdf,Vol1,1970
55562,Ice Cream Konitz,055562.pdf,Ice Cream Konitz.pdf,Vol2,1958
18093,Idol Gossip,018093.pdf,Idol Gossip.pdf,Vol2,1977
387300,If I Didn't Care,387300.pdf,If I Didn't Care.pdf,Vol3,1939
387790,If I Loved You,387790.pdf,If I Loved You.pdf,Vol2,1945
160,If I Should Lose You,000160.pdf,If I Should Lose You.pdf,Vol2,1935
388170,If I Were A Bell,388170.pdf,If I Were A Bell.pdf,Vol2,1950
390275,If You Never Come To Me (Inutil Paisagem),390275.pdf,If You Never Come To Me Inutil Paisagem.pdf,Vol1,1965
390680,Ill Wind (You're Blowin' Me No Good),390680.pdf,Ill Wind You're Blowin' Me No Good.pdf,Vol3,1934
393110,Imagination,393110.pdf,Imagination.pdf,Vol2,1939
393440,Impressions,393440.pdf,Impressions.pdf,Vol1,1974
393870,In A Little Spanish Town ('Twas On A Night Like This),393870.pdf,In A Little Spanish Town 'Twas On A Night Like This.pdf,Vol3,1926
13771,In A Mellow Tone,013771.pdf,In A Mellow Tone.pdf,Vol1,1940
394200,In A Sentimental Mood,394200.pdf,In A Sentimental Mood.pdf,Vol1,1935
394370,In Case You Haven't Heard,394370.pdf,In Case You Haven't Heard.pdf,Vol2,
27451,In Her Family,027451.pdf,In Her Family.pdf,Vol3,1991
395444,In Love In Vain,395444.pdf,In Love In Vain.pdf,Vol3,1946
54958,In Pursuit Of The 27th Man,054958.pdf,In Pursuit Of The 27th Man.pdf,Vol2,1972
398007,|In The Cool, Cool, Cool Of The Evening|,398007.pdf,In The Cool Cool Cool Of The Evening.pdf,Vol3,1951
400000,In The Mood,400000.pdf,In The Mood.pdf,Vol1,1939
400520,In The Still Of The Night,400520.pdf,In The Still Of The Night.pdf,Vol2,1937
400950,In The Wee Small Hours Of The Morning,400950.pdf,In The Wee Small Hours Of The Morning.pdf,Vol1,1955
983350,In Walked Bud,983350.pdf,In Walked Bud.pdf,Vol2,1948
59299,In Your Quiet Place,059299.pdf,In Your Quiet Place.pdf,Vol1,1968
55848,Indian Lady,055848.pdf,Indian Lady.pdf,Vol1,1967
984734,Indian Summer,984734.pdf,Indian Summer.pdf,Vol3,1919
402890,Indiana (Back Home Again In Indiana),402890.pdf,Indiana Back Home Again In Indiana.pdf,Vol2,1917
403200,Infant Eyes,403200.pdf,Infant Eyes.pdf,Vol2,1965
10223,Inner Urge,010223.pdf,Inner Urge.pdf,Vol1,1964
51778,Interchange,051778.pdf,Interchange.pdf,Vol3,1994
985815,Interplay,985815.pdf,Interplay.pdf,Vol1,1963
406218,Invitation,406218.pdf,Invitation.pdf,Vol1,1952
31780,Iris,031780.pdf,Iris.pdf,Vol1,1965
407360,|Is You Is, Or Is You Ain't (Ma' Baby)|,407360.pdf,Is You Is Or Is You Ain't Ma' Baby.pdf,Vol1,1943
983456,Isfahan,983456.pdf,Isfahan.pdf,Vol3,1964
407645,Island Birdie,407645.pdf,Island Birdie.pdf,Vol2,1982
408411,Isn't It Romantic?,408411.pdf,Isn't It Romantic.pdf,Vol1,1932
10230,Isotope,010230.pdf,Isotope.pdf,Vol1,1964
1523,Israel,001523.pdf,Israel.pdf,Vol1,1954
408780,It All Depends On You,408780.pdf,It All Depends On You.pdf,Vol3,1926
408905,It Could Happen To You,408905.pdf,It Could Happen To You.pdf,Vol2,1944
409150,It Don't Mean A Thing (If It Ain't Got That Swing),409150.pdf,It Don't Mean A Thing If It Ain't Got That Swing.pdf,Vol1,1932
410115,It Might As Well Be Spring,410115.pdf,It Might As Well Be Spring.pdf,Vol2,1945
410150,It Never Entered My Mind,410150.pdf,It Never Entered My Mind.pdf,Vol3,1940
410193,It Only Happens When I Dance With You,410193.pdf,It Only Happens When I Dance With You.pdf,Vol3,1947
882470,It Will Have To Do Until The Real Thing Comes Along,882470.pdf,It Will Have To Do Until The Real Thing Comes Along.pdf,Vol2,1936
410500,It's A Big Wide Wonderful World,410500.pdf,It's A Big Wide Wonderful World.pdf,Vol3,1939
410590,It's A Blue World,410590.pdf,It's A Blue World.pdf,Vol2,1939
410700,It's A Good Day,410700.pdf,It's A Good Day.pdf,Vol3,1946
410780,It's A Lovely Day Today,410780.pdf,It's A Lovely Day Today.pdf,Vol3,1950
411000,It's A Most Unusual Day,411000.pdf,It's A Most Unusual Day.pdf,Vol3,1947
412175,It's All Right With Me,412175.pdf,It's All Right With Me.pdf,Vol2,1953
412680,|It's Been A Long, Long Time|,412680.pdf,It's Been A Long Long Time.pdf,Vol3,1945
412890,It's De-Lovely,412890.pdf,It's De-Lovely.pdf,Vol3,1936
413200,It's Easy To Remember,413200.pdf,It's Easy To Remember.pdf,Vol1,1934
413760,It's Impossible (Somos Novios),413760.pdf,It's Impossible Somos Novios.pdf,Vol3,1968
414770,It's Only A Paper Moon,414770.pdf,It's Only A Paper Moon.pdf,Vol2,1933
414460,It's So Nice To Have A Man Around The House,414460.pdf,It's So Nice To Have A Man Around The House.pdf,Vol3,1950
56513,It's So Peaceful In The Country,056513.pdf,It's So Peaceful In The Country.pdf,Vol2,1941
414970,It's The Talk Of The Town,414970.pdf,It's The Talk Of The Town.pdf,Vol3,1933
414997,It's Too Late,414997.pdf,It's Too Late.pdf,Vol3,1971
415200,It's You Or No One,415200.pdf,It's You Or No One.pdf,Vol3,1948
54998,Jackie,054998.pdf,Jackie.pdf,Vol2,1965
55658,Jamba,055658.pdf,Jamba.pdf,Vol3,1985
27456,James,027456.pdf,James.pdf,Vol3,1982
419345,Java Jive,419345.pdf,Java Jive.pdf,Vol3,1940
420290,Jeannine,420290.pdf,Jeannine.pdf,Vol2,1960
992462,Jelly Roll,992462.pdf,Jelly Roll.pdf,Vol1,1975
420800,Jersey Bounce,420800.pdf,Jersey Bounce.pdf,Vol3,1940
15103,Jingles,015103.pdf,Jingles.pdf,Vol2,1961
427890,Jitterbug Waltz,427890.pdf,Jitterbug Waltz.pdf,Vol2,1942
983457,Jordu,983457.pdf,Jordu.pdf,Vol1,1959
993781,Journey To Recife,993781.pdf,Journey To Recife.pdf,Vol1,1962
46798,Joy Spring,046798.pdf,Joy Spring.pdf,Vol1,1956
1182,Joyce's Samba,001182.pdf,Joyce's Samba.pdf,Vol2,1970
992520,Juju,992520.pdf,Juju.pdf,Vol1,1964
20685,|Jump, Jive An' Wail|,020685.pdf,Jump Jive An' Wail.pdf,Vol2,1956
992463,Jump Monk,992463.pdf,Jump Monk.pdf,Vol1,1957
436700,Jumpin' With Symphony Sid,436700.pdf,Jumpin' With Symphony Sid.pdf,Vol2,1949
437177,June In January,437177.pdf,June In January.pdf,Vol1,1934
437190,June Is Bustin' Out All Over,437190.pdf,June Is Bustin' Out All Over.pdf,Vol2,1945
89163,Just A Few,089163.pdf,Just A Few.pdf,Vol2,1954
437800,Just A Gigolo,437800.pdf,Just A Gigolo.pdf,Vol3,1930
32080,Just A Settin' And A Rockin',032080.pdf,Just A Settin' And A Rockin'.pdf,Vol2,1944
439280,Just In Time,439280.pdf,Just In Time.pdf,Vol2,1956
439476,Just One More Chance,439476.pdf,Just One More Chance.pdf,Vol1,1931
440380,Just Squeeze Me (But Don't Tease Me),440380.pdf,Just Squeeze Me But Don't Tease Me.pdf,Vol3,1946
983004,Just The Two Of Us,983004.pdf,Just The Two Of Us.pdf,Vol3,1980
440420,Just The Way You Are,440420.pdf,Just The Way You Are.pdf,Vol2,1977
55563,Kary's Trance,055563.pdf,Kary's Trance.pdf,Vol2,1956
441700,Katrina Ballerina,441700.pdf,Katrina Ballerina.pdf,Vol2,1977
60801,Kelo,060801.pdf,Kelo.pdf,Vol1,1957
15395,Kickin' The Gong Around,015395.pdf,Kickin' The Gong Around.pdf,Vol3,1931
55464,Kids Are Pretty People,055464.pdf,Kids Are Pretty People.pdf,Vol2,1963
444445,Killer Joe,444445.pdf,Killer Joe.pdf,Vol2,1959
495140,L-O-V-E,495140.pdf,L-O-V-E.pdf,Vol3,1964
997555,Lady Bird,997555.pdf,Lady Bird.pdf,Vol1,1947
31781,Lady Day,031781.pdf,Lady Day.pdf,Vol2,1979
983904,Lady Sings The Blues,983904.pdf,Lady Sings The Blues.pdf,Vol1,1956
27460,Lakes,027460.pdf,Lakes.pdf,Vol2,1977
12008,Lament,012008.pdf,Lament.pdf,Vol1,1954
10469,Las Vegas Tango,010469.pdf,Las Vegas Tango.pdf,Vol1,1964
458910,Last Night When We Were Young,458910.pdf,Last Night When We Were Young.pdf,Vol2,1937
461350,Lazy Afternoon,461350.pdf,Lazy Afternoon.pdf,Vol3,1954
461376,Lazy Bird,461376.pdf,Lazy Bird.pdf,Vol1,1957
462650,Lazy River,462650.pdf,Lazy River.pdf,Vol1,1931
462000,Lazybones,462000.pdf,Lazybones.pdf,Vol3,1933
87576,Learnin' The Blues,087576.pdf,Learnin' The Blues.pdf,Vol3,1955
54970,Leila,054970.pdf,Leila.pdf,Vol2,1957
466650,Lennie's Pennies,466650.pdf,Lennie's Pennies.pdf,Vol2,1958
469000,Let There Be Love,469000.pdf,Let There Be Love.pdf,Vol3,1940
17903,Let's Cool One,017903.pdf,Let's Cool One.pdf,Vol2,1978
470810,Let's Face The Music And Dance,470810.pdf,Let's Face The Music And Dance.pdf,Vol3,1935
470820,Let's Fall In Love,470820.pdf,Let's Fall In Love.pdf,Vol2,1933
471150,Let's Get Away From It All,471150.pdf,Let's Get Away From It All.pdf,Vol3,1941
471180,Let's Get Lost,471180.pdf,Let's Get Lost.pdf,Vol2,1942
478140,Like Someone In Love,478140.pdf,Like Someone In Love.pdf,Vol1,1944
478160,Like Sonny (Simple Like),478160.pdf,Like Sonny Simple Like.pdf,Vol2,1977
478195,Like Young,478195.pdf,Like Young.pdf,Vol2,1950
55626,Limbo,055626.pdf,Limbo.pdf,Vol2,1968
479020,Limehouse Blues,479020.pdf,Limehouse Blues.pdf,Vol1,1921
479150,Line For Lyons,479150.pdf,Line For Lyons.pdf,Vol3,1954
54983,Line Games,054983.pdf,Line Games.pdf,Vol3,1976
9784,Lines And Spaces,009784.pdf,Lines And Spaces.pdf,Vol1,1991
479200,Linger Awhile,479200.pdf,Linger Awhile.pdf,Vol3,1923
10167,Litha,010167.pdf,Litha.pdf,Vol1,1967
481080,Little Boat,481080.pdf,Little Boat.pdf,Vol1,1963
55341,Little Chicago Fire,055341.pdf,Little Chicago Fire.pdf,Vol2,1997
483170,Little Girl Blue,483170.pdf,Little Girl Blue.pdf,Vol3,1935
17904,Little Rootie Tootie,017904.pdf,Little Rootie Tootie.pdf,Vol2,1978
485075,Little Shoes,485075.pdf,Little Shoes.pdf,Vol3,
485451,Little Sunflower,485451.pdf,Little Sunflower.pdf,Vol2,1972
983361,Little Waltz,983361.pdf,Little Waltz.pdf,Vol1,1977
485615,Little White Lies,485615.pdf,Little White Lies.pdf,Vol3,1930
485630,Little Willie Leaps,485630.pdf,Little Willie Leaps.pdf,Vol3,1948
486716,Locomotion,486716.pdf,Locomotion.pdf,Vol2,1957
27465,Lone Jack,027465.pdf,Lone Jack.pdf,Vol2,
55663,Lonely Dreams,055663.pdf,Lonely Dreams.pdf,Vol2,1956
489630,Long Ago (And Far Away),489630.pdf,Long Ago And Far Away.pdf,Vol1,1944
491120,Lonnie's Lament,491120.pdf,Lonnie's Lament.pdf,Vol1,1977
491340,Look For The Silver Lining,491340.pdf,Look For The Silver Lining.pdf,Vol2,1919
491600,Look To The Rainbow,491600.pdf,Look To The Rainbow.pdf,Vol3,1946
491620,Look To The Sky,491620.pdf,Look To The Sky.pdf,Vol1,1967
494800,Lost In The Stars,494800.pdf,Lost In The Stars.pdf,Vol3,1944
5354,Lotus Blossom,005354.pdf,Lotus Blossom.pdf,Vol2,1968
497278,Love Is A Simple Thing,497278.pdf,Love Is A Simple Thing.pdf,Vol3,1952
497411,Love Is Just Around The Corner,497411.pdf,Love Is Just Around The Corner.pdf,Vol2,1934
497805,Love Is The Sweetest Thing,497805.pdf,Love Is The Sweetest Thing.pdf,Vol1,1932
818640,(Love Is) The Tender Trap,818640.pdf,Love Is The Tender Trap.pdf,Vol3,1955
497951,Love Letters,497951.pdf,Love Letters.pdf,Vol3,1945
498100,|Love, Look Away|,498100.pdf,Love Look Away.pdf,Vol2,1958
498750,Love Me Or Leave Me,498750.pdf,Love Me Or Leave Me.pdf,Vol3,1928
54960,Love Vibrations,054960.pdf,Love Vibrations.pdf,Vol2,1969
1373,Love You Madly,001373.pdf,Love You Madly.pdf,Vol3,1950
502743,|Lover, Come Back To Me|,502743.pdf,Lover Come Back To Me.pdf,Vol3,1928
502555,|Lover Man (Oh, Where Can You Be?)|,502555.pdf,Lover Man Oh Where Can You Be.pdf,Vol2,1941
502550,Lover,502550.pdf,Lover.pdf,Vol2,1932
59300,Lucky Southern,059300.pdf,Lucky Southern.pdf,Vol1,1972
505670,Lullaby Of Birdland,505670.pdf,Lullaby Of Birdland.pdf,Vol1,1952
506160,Lullaby Of The Leaves,506160.pdf,Lullaby Of The Leaves.pdf,Vol3,1932
506600,Lush Life,506600.pdf,Lush Life.pdf,Vol1,1949
992522,Mahjong,992522.pdf,Mahjong.pdf,Vol1,1964
508600,Maiden Voyage,508600.pdf,Maiden Voyage.pdf,Vol1,1973
510150,Make Someone Happy,510150.pdf,Make Someone Happy.pdf,Vol2,1960
510720,Makin' Whoopee!,510720.pdf,Makin' Whoopee.pdf,Vol3,1928
956480,Mambo #5,956480.pdf,Mambo 5.pdf,Vol3,1948
54972,Man In The Green Shirt,054972.pdf,Man In The Green Shirt.pdf,Vol1,1970
514900,Manhattan,514900.pdf,Manhattan.pdf,Vol3,1925
14031,Manteca,014031.pdf,Manteca.pdf,Vol2,1948
526240,Marmaduke,526240.pdf,Marmaduke.pdf,Vol3,1948
528180,Mas Que Nada,528180.pdf,Mas Que Nada.pdf,Vol3,1963
786,Masquerade,000786.pdf,Masquerade.pdf,Vol3,1932
532769,Maybe I Should Change My Ways,532769.pdf,Maybe I Should Change My Ways.pdf,Vol3,1947
10977,Mayreh,010977.pdf,Mayreh.pdf,Vol3,1956
536950,Mean To Me,536950.pdf,Mean To Me.pdf,Vol3,1929
537130,Meditation (Meditacao),537130.pdf,Meditation Meditacao.pdf,Vol1,1962
54985,Memories Of Tomorrow,054985.pdf,Memories Of Tomorrow.pdf,Vol1,1975
7246,Memories Of You,007246.pdf,Memories Of You.pdf,Vol2,1930
993783,Menina Flor,993783.pdf,Menina Flor.pdf,Vol2,1963
542100,|Mercy, Mercy, Mercy|,542100.pdf,Mercy Mercy Mercy.pdf,Vol2,1966
547010,Michelle,547010.pdf,Michelle.pdf,Vol1,1965
59396,Midnight Mood,059396.pdf,Midnight Mood.pdf,Vol1,1965
547260,Midnight Sun,547260.pdf,Midnight Sun.pdf,Vol3,1947
27472,Midwestern Nights Dream,027472.pdf,Midwestern Nights Dream.pdf,Vol1,1976
55071,Milano,055071.pdf,Milano.pdf,Vol1,1955
548930,Miles Ahead,548930.pdf,Miles Ahead.pdf,Vol2,1958
548935,Milestones,548935.pdf,Milestones.pdf,Vol3,1948
549330,Mimi,549330.pdf,Mimi.pdf,Vol3,1932
54999,Minor Mishap,054999.pdf,Minor Mishap.pdf,Vol2,1965
55000,Minor Mood,055000.pdf,Minor Mood.pdf,Vol2,1956
986062,Minority,986062.pdf,Minority.pdf,Vol1,1956
42067,Miss Ann,042067.pdf,Miss Ann.pdf,Vol1,1962
27474,Missouri Uncompromised,027474.pdf,Missouri Uncompromised.pdf,Vol1,1976
552230,Misty,552230.pdf,Misty.pdf,Vol1,1954
992523,Miyako,992523.pdf,Miyako.pdf,Vol1,1965
29535,Moanin',029535.pdf,Moanin'.pdf,Vol2,1958
555606,Moment's Notice,555606.pdf,Moment's Notice.pdf,Vol1,1957
555957,Mona Lisa,555957.pdf,Mona Lisa.pdf,Vol3,1949
983370,Monk's Mood,983370.pdf,Monk's Mood.pdf,Vol2,1946
41433,Monk's Shop,041433.pdf,Monk's Shop.pdf,Vol2,
557400,Mood Indigo,557400.pdf,Mood Indigo.pdf,Vol1,1931
13049,Moon And Sand,013049.pdf,Moon And Sand.pdf,Vol3,1941
558650,Moon Rays,558650.pdf,Moon Rays.pdf,Vol2,1975
558700,Moon River,558700.pdf,Moon River.pdf,Vol2,1961
59301,Moonchild,059301.pdf,Moonchild.pdf,Vol1,1968
557650,Moonglow,557650.pdf,Moonglow.pdf,Vol2,1934
559555,Moonlight Becomes You,559555.pdf,Moonlight Becomes You.pdf,Vol3,1942
559650,Moonlight In Vermont,559650.pdf,Moonlight In Vermont.pdf,Vol3,1944
560200,Moose The Mooche,560200.pdf,Moose The Mooche.pdf,Vol2,1946
560750,More I Cannot Wish You,560750.pdf,More I Cannot Wish You.pdf,Vol3,1949
561380,More Than You Know,561380.pdf,More Than You Know.pdf,Vol2,1929
560400,More (Ti Guarderò Nel Cuore),560400.pdf,More Ti Guarderò Nel Cuore.pdf,Vol3,1962
561590,Morning Dance,561590.pdf,Morning Dance.pdf,Vol2,1979
562710,Moten Swing,562710.pdf,Moten Swing.pdf,Vol2,1932
563540,Mountain Greenery,563540.pdf,Mountain Greenery.pdf,Vol3,1926
30942,Move,030942.pdf,Move.pdf,Vol2,1947
30608,Mr. Magic,030608.pdf,Mr. Magic.pdf,Vol2,1975
565830,Mr. P.C.,565830.pdf,Mr. P.C..pdf,Vol1,1977
569280,My Attorney Bernie,569280.pdf,My Attorney Bernie.pdf,Vol2,1983
569430,My Baby Just Cares For Me,569430.pdf,My Baby Just Cares For Me.pdf,Vol3,1930
569900,My Blue Heaven,569900.pdf,My Blue Heaven.pdf,Vol3,1927
570570,My Buddy,570570.pdf,My Buddy.pdf,Vol1,1922
571940,My Favorite Things,571940.pdf,My Favorite Things.pdf,Vol1,1959
572090,My Foolish Heart,572090.pdf,My Foolish Heart.pdf,Vol1,1949
572280,My Funny Valentine,572280.pdf,My Funny Valentine.pdf,Vol1,1937
573700,My Heart Belongs To Daddy,573700.pdf,My Heart Belongs To Daddy.pdf,Vol3,1938
573990,My Heart Stood Still,573990.pdf,My Heart Stood Still.pdf,Vol3,1927
574170,My Ideal,574170.pdf,My Ideal.pdf,Vol3,1930
575348,My Little Suede Shoes,575348.pdf,My Little Suede Shoes.pdf,Vol2,1956
575820,My Lucky Star,575820.pdf,My Lucky Star.pdf,Vol3,1928
575920,My Man (Mon Homme),575920.pdf,My Man Mon Homme.pdf,Vol3,
576075,My Melancholy Baby,576075.pdf,My Melancholy Baby.pdf,Vol3,1912
576451,My Old Flame,576451.pdf,My Old Flame.pdf,Vol2,1934
576680,My One And Only Love,576680.pdf,My One And Only Love.pdf,Vol1,1952
577600,My Romance,577600.pdf,My Romance.pdf,Vol1,1935
577792,My Shining Hour,577792.pdf,My Shining Hour.pdf,Vol1,1943
577794,My Ship,577794.pdf,My Ship.pdf,Vol1,1941
577815,My Silent Love,577815.pdf,My Silent Love.pdf,Vol3,1932
577893,My Sin,577893.pdf,My Sin.pdf,Vol3,
579700,My Way,579700.pdf,My Way.pdf,Vol1,1967
580112,Mysterious Traveller,580112.pdf,Mysterious Traveller.pdf,Vol1,1974
580630,Naima (Niema),580630.pdf,Naima Niema.pdf,Vol1,1973
580790,Nancy - With The Laughing Face,580790.pdf,Nancy - With The Laughing Face.pdf,Vol3,1944
580850,Nardis,580850.pdf,Nardis.pdf,Vol1,1959
581105,Nature Boy,581105.pdf,Nature Boy.pdf,Vol2,1948
582425,Nefertiti,582425.pdf,Nefertiti.pdf,Vol1,1968
583338,Never Let Me Go,583338.pdf,Never Let Me Go.pdf,Vol3,1956
583520,Never Will I Marry,583520.pdf,Never Will I Marry.pdf,Vol1,1959
583550,Nevertheless (I'm In Love With You),583550.pdf,Nevertheless I'm In Love With You.pdf,Vol3,1931
584750,Nica's Dream,584750.pdf,Nica's Dream.pdf,Vol1,1956
992524,Night Dreamer,992524.pdf,Night Dreamer.pdf,Vol1,1964
41788,Night Song,041788.pdf,Night Song.pdf,Vol2,1964
588520,Night Train,588520.pdf,Night Train.pdf,Vol1,1952
55002,No Moe,055002.pdf,No Moe.pdf,Vol2,
590380,No Moon At All,590380.pdf,No Moon At All.pdf,Vol3,1947
55564,No Splice,055564.pdf,No Splice.pdf,Vol2,1958
591274,Nobody Else But Me,591274.pdf,Nobody Else But Me.pdf,Vol3,1946
591480,Nobody Knows You When You're Down And Out,591480.pdf,Nobody Knows You When You're Down And Out.pdf,Vol1,1923
7392,North Atlantic Run,007392.pdf,North Atlantic Run.pdf,Vol2,1976
594130,Norwegian Wood (This Bird Has Flown),594130.pdf,Norwegian Wood This Bird Has Flown.pdf,Vol3,1965
992470,Nostalgia In Times Square,992470.pdf,Nostalgia In Times Square.pdf,Vol1,1976
55942,Now See How You Are,055942.pdf,Now See How You Are.pdf,Vol2,1956
595660,Now's The Time,595660.pdf,Now's The Time.pdf,Vol2,1945
957011,Nuages,957011.pdf,Nuages.pdf,Vol1,1980
596095,Nutville,596095.pdf,Nutville.pdf,Vol2,1965
983379,Off Minor,983379.pdf,Off Minor.pdf,Vol2,1947
610450,|Oh, What A Beautiful Mornin'|,610450.pdf,Oh What A Beautiful Mornin'.pdf,Vol2,1943
611700,Old Cape Cod,611700.pdf,Old Cape Cod.pdf,Vol3,1956
613050,Old Devil Moon,613050.pdf,Old Devil Moon.pdf,Vol2,1946
39596,(Old Man From) The Old Country,039596.pdf,Old Man From The Old Country.pdf,Vol1,1960
616960,Oleo,616960.pdf,Oleo.pdf,Vol1,1963
61133,Oliloqui Valley,061133.pdf,Oliloqui Valley.pdf,Vol1,1982
617310,On A Clear Day (You Can See Forever),617310.pdf,On A Clear Day You Can See Forever.pdf,Vol3,1965
617690,On A Slow Boat To China,617690.pdf,On A Slow Boat To China.pdf,Vol3,1948
620160,On The Street Where You Live,620160.pdf,On The Street Where You Live.pdf,Vol3,1956
620360,On The Sunny Side Of The Street,620360.pdf,On The Sunny Side Of The Street.pdf,Vol3,1930
620360,On The Sunny Side Of The Street,620360.pdf,On The Sunny Side Of The Street.pdf,Vol2,1930
26418,Once I Loved (Amor Em Paz) (Love In Peace),026418.pdf,Once I Loved Amor Em Paz Love In Peace.pdf,Vol1,1963
621870,Once In Love With Amy,621870.pdf,Once In Love With Amy.pdf,Vol1,1948
622490,One By One,622490.pdf,One By One.pdf,Vol2,1963
18374,One Finger Snap,018374.pdf,One Finger Snap.pdf,Vol1,1964
55003,One Foot In The Gutter,055003.pdf,One Foot In The Gutter.pdf,Vol2,1958
623050,One For My Baby (And One More For The Road),623050.pdf,One For My Baby And One More For The Road.pdf,Vol3,1943
624481,One Morning In May,624481.pdf,One Morning In May.pdf,Vol2,1933
624600,One Note Samba (Samba De Uma Nota So),624600.pdf,One Note Samba Samba De Uma Nota So.pdf,Vol1,1961
627387,Only Trust Your Heart,627387.pdf,Only Trust Your Heart.pdf,Vol1,1964
55624,Orbits,055624.pdf,Orbits.pdf,Vol1,1967
630200,Ornithology,630200.pdf,Ornithology.pdf,Vol1,1946
632275,Our Language Of Love,632275.pdf,Our Language Of Love.pdf,Vol2,1956
7393,Out Back Of The Barn,007393.pdf,Out Back Of The Barn.pdf,Vol2,1977
632821,Out Of Nowhere,632821.pdf,Out Of Nowhere.pdf,Vol1,1931
633281,Out Of This World,633281.pdf,Out Of This World.pdf,Vol3,1944
634885,Oye Como Va,634885.pdf,Oye Como Va.pdf,Vol2,1963
634981,P.S. I Love You,634981.pdf,P.S. I Love You.pdf,Vol1,1934
12472,Pannonica,012472.pdf,Pannonica.pdf,Vol2,1958
636690,Paper Doll,636690.pdf,Paper Doll.pdf,Vol1,1915
6114,Parisian Thoroughfare,006114.pdf,Parisian Thoroughfare.pdf,Vol2,1953
10400,Passion Dance,010400.pdf,Passion Dance.pdf,Vol1,1967
9161,Passion Flower,009161.pdf,Passion Flower.pdf,Vol1,1944
983137,Passport,983137.pdf,Passport.pdf,Vol3,1953
6295,Peace,006295.pdf,Peace.pdf,Vol1,1959
643480,Peel Me A Grape,643480.pdf,Peel Me A Grape.pdf,Vol2,1962
992479,Peggy's Blue Skylight,992479.pdf,Peggy's Blue Skylight.pdf,Vol1,1975
643910,Pennies From Heaven,643910.pdf,Pennies From Heaven.pdf,Vol2,1936
983384,Pent Up House,983384.pdf,Pent Up House.pdf,Vol1,1965
644309,Penthouse Serenade,644309.pdf,Penthouse Serenade.pdf,Vol1,1931
644765,People Will Say We're In Love,644765.pdf,People Will Say We're In Love.pdf,Vol2,1943
644670,People,644670.pdf,People.pdf,Vol3,1963
645700,Perdido,645700.pdf,Perdido.pdf,Vol2,1942
645820,Perhaps,645820.pdf,Perhaps.pdf,Vol3,1948
983478,Peri's Scope,983478.pdf,Peri's Scope.pdf,Vol1,1965
646780,Petite Fleur (Little Flower),646780.pdf,Petite Fleur Little Flower.pdf,Vol2,1952
33752,Petits Machins,033752.pdf,Petits Machins.pdf,Vol2,1968
5359,Pfrancing (No Blues),005359.pdf,Pfrancing No Blues.pdf,Vol1,1959
956998,Phase Dance,956998.pdf,Phase Dance.pdf,Vol2,1979
18988,Picadillo (A La Puente),018988.pdf,Picadillo A La Puente.pdf,Vol2,1957
648850,Pick Yourself Up,648850.pdf,Pick Yourself Up.pdf,Vol2,1936
3659,Pinocchio,003659.pdf,Pinocchio.pdf,Vol1,1968
992480,Pithecanthropus Erectus,992480.pdf,Pithecanthropus Erectus.pdf,Vol1,1975
55461,Poem For #15 (The Saga Of Harrison Crabfeathers),055461.pdf,Poem For 15 The Saga Of Harrison Crabfeathers.pdf,Vol1,1972
657485,Poinciana (Song Of The Tree),657485.pdf,Poinciana Song Of The Tree.pdf,Vol3,1936
658540,Polka Dots And Moonbeams,658540.pdf,Polka Dots And Moonbeams.pdf,Vol2,1939
660250,Poor Butterfly,660250.pdf,Poor Butterfly.pdf,Vol3,1916
58823,Portsmouth Figurations,058823.pdf,Portsmouth Figurations.pdf,Vol1,1969
668770,Prelude To A Kiss,668770.pdf,Prelude To A Kiss.pdf,Vol1,1938
11672,Pretend,011672.pdf,Pretend.pdf,Vol3,1952
31782,Prince Of Darkness,031782.pdf,Prince Of Darkness.pdf,Vol1,1968
670130,Prisoner Of Love,670130.pdf,Prisoner Of Love.pdf,Vol2,1931
674825,Pure Imagination,674825.pdf,Pure Imagination.pdf,Vol3,1970
674917,Pursuance (Part III),674917.pdf,Pursuance Part III.pdf,Vol2,1977
992481,Pussy Cat Dues,992481.pdf,Pussy Cat Dues.pdf,Vol1,1975
675070,Put On A Happy Face,675070.pdf,Put On A Happy Face.pdf,Vol3,1960
27491,Question & Answer,027491.pdf,Question  Answer.pdf,Vol2,1991
11168,Quicksilver,011168.pdf,Quicksilver.pdf,Vol2,
679060,Quiet Nights Of Quiet Stars (Corcovado),679060.pdf,Quiet Nights Of Quiet Stars Corcovado.pdf,Vol1,1962
679070,Quiet Now,679070.pdf,Quiet Now.pdf,Vol1,1963
19304,|Quizás, Quizás, Quizás (Perhaps, Perhaps, Perhaps)|,019304.pdf,Quizás Quizás Quizás Perhaps Perhaps Perhaps.pdf,Vol3,1947
18078,Ran Kan Kan,018078.pdf,Ran Kan Kan.pdf,Vol2,1957
983390,Re: Person I Knew,983390.pdf,Re Person I Knew.pdf,Vol3,1962
988197,Recorda-Me,988197.pdf,Recorda-Me.pdf,Vol1,1963
685900,Red Clay,685900.pdf,Red Clay.pdf,Vol1,1972
685930,Red Cross,685930.pdf,Red Cross.pdf,Vol2,1945
686950,Red Top,686950.pdf,Red Top.pdf,Vol3,1947
11548,Reflections In D,011548.pdf,Reflections In D.pdf,Vol3,1954
12473,Reflections,012473.pdf,Reflections.pdf,Vol1,1978
992482,Reincarnation Of A Lovebird,992482.pdf,Reincarnation Of A Lovebird.pdf,Vol1,1975
101411,Revelation,101411.pdf,Revelation.pdf,Vol3,1961
17908,Rhythm-A-Ning,017908.pdf,Rhythm-A-Ning.pdf,Vol2,1958
692500,Ridin' High,692500.pdf,Ridin' High.pdf,Vol3,1936
12742,Rifftide,012742.pdf,Rifftide.pdf,Vol3,1977
693870,Right As Rain,693870.pdf,Right As Rain.pdf,Vol2,1944
1399,Ring Dem Bells,001399.pdf,Ring Dem Bells.pdf,Vol1,1930
992544,Road Song,992544.pdf,Road Song.pdf,Vol1,1968
695618,Robbin's Nest,695618.pdf,Robbin's Nest.pdf,Vol2,1947
698500,Rockin' Chair,698500.pdf,Rockin' Chair.pdf,Vol3,1929
699185,Rockin' In Rhythm,699185.pdf,Rockin' In Rhythm.pdf,Vol2,1931
41421,Romance Without Finance,041421.pdf,Romance Without Finance.pdf,Vol3,1944
702008,Room 608,702008.pdf,Room 608.pdf,Vol3,1956
703700,Rose Room,703700.pdf,Rose Room.pdf,Vol3,1917
703803,Rosetta,703803.pdf,Rosetta.pdf,Vol2,1933
703807,Rosewood,703807.pdf,Rosewood.pdf,Vol3,1974
59320,Round Trip,059320.pdf,Round Trip.pdf,Vol2,1968
704800,Route 66,704800.pdf,Route 66.pdf,Vol2,1946
56549,Rubberneck,056549.pdf,Rubberneck.pdf,Vol2,1955
705230,|Ruby, My Dear|,705230.pdf,Ruby My Dear.pdf,Vol1,1945
706206,Russian Lullaby,706206.pdf,Russian Lullaby.pdf,Vol2,1927
707108,S'posin',707108.pdf,S'posin'.pdf,Vol2,1929
766930,S.O.S.,766930.pdf,S.O.S..pdf,Vol3,1965
25843,Sack Of Woe,025843.pdf,Sack Of Woe.pdf,Vol2,1960
778240,Saint James Infirmary,778240.pdf,Saint James Infirmary.pdf,Vol2,1928
710940,Salt Peanuts,710940.pdf,Salt Peanuts.pdf,Vol2,1943
712050,Samba De Orfeu,712050.pdf,Samba De Orfeu.pdf,Vol3,1959
983394,Sandu,983394.pdf,Sandu.pdf,Vol2,1962
714100,Satin Doll,714100.pdf,Satin Doll.pdf,Vol1,1953
714475,Save The Bones For Henry Jones,714475.pdf,Save The Bones For Henry Jones.pdf,Vol3,1947
715921,Say It Isn't So,715921.pdf,Say It Isn't So.pdf,Vol3,1932
715905,Say It (Over And Over Again),715905.pdf,Say It Over And Over Again.pdf,Vol2,1940
716110,Say It With Music,716110.pdf,Say It With Music.pdf,Vol3,1921
720195,Scotch And Soda,720195.pdf,Scotch And Soda.pdf,Vol1,1959
720199,Scrapple From The Apple,720199.pdf,Scrapple From The Apple.pdf,Vol1,1957
983485,Sea Journey,983485.pdf,Sea Journey.pdf,Vol1,1972
723830,Seems Like Old Times,723830.pdf,Seems Like Old Times.pdf,Vol3,1946
983139,Segment,983139.pdf,Segment.pdf,Vol3,1957
724470,Sentimental Journey,724470.pdf,Sentimental Journey.pdf,Vol2,1944
724505,Sentimental Me,724505.pdf,Sentimental Me.pdf,Vol3,1925
725040,September Song,725040.pdf,September Song.pdf,Vol2,1938
54961,Serenade To A Soul Sister,054961.pdf,Serenade To A Soul Sister.pdf,Vol2,1968
26298,Serene,026298.pdf,Serene.pdf,Vol2,1962
726599,Seven Come Eleven,726599.pdf,Seven Come Eleven.pdf,Vol1,1940
726706,Seven Steps To Heaven,726706.pdf,Seven Steps To Heaven.pdf,Vol1,1963
727950,Shawnuff,727950.pdf,Shawnuff.pdf,Vol3,1948
13275,Shine,013275.pdf,Shine.pdf,Vol2,1910
733230,Shoo Fly Pie And Apple Pan Dowdy,733230.pdf,Shoo Fly Pie And Apple Pan Dowdy.pdf,Vol3,1945
12002,Shutterbug,012002.pdf,Shutterbug.pdf,Vol2,1960
22270,Sidewinder,022270.pdf,Sidewinder.pdf,Vol1,1959
983192,Silver Hollow,983192.pdf,Silver Hollow.pdf,Vol1,1978
983486,Silver's Serenade,983486.pdf,Silver's Serenade.pdf,Vol2,1963
55342,Simone,055342.pdf,Simone.pdf,Vol2,1971
740522,|Sing, You Sinners|,740522.pdf,Sing You Sinners.pdf,Vol3,1930
13972,Sippin' At Bells,013972.pdf,Sippin' At Bells.pdf,Vol2,1948
27508,Sirabhorn,027508.pdf,Sirabhorn.pdf,Vol1,1976
742890,Sister Sadie,742890.pdf,Sister Sadie.pdf,Vol3,1959
37293,Skating In Central Park,037293.pdf,Skating In Central Park.pdf,Vol1,1959
745330,Skylark,745330.pdf,Skylark.pdf,Vol3,1941
745400,Skyliner,745400.pdf,Skyliner.pdf,Vol2,1944
991685,Slipped Disc,991685.pdf,Slipped Disc.pdf,Vol2,1945
749525,Small Fry,749525.pdf,Small Fry.pdf,Vol3,1938
749450,Small World,749450.pdf,Small World.pdf,Vol3,1959
750120,Smoke Gets In Your Eyes,750120.pdf,Smoke Gets In Your Eyes.pdf,Vol2,1933
750180,Smoke Rings,750180.pdf,Smoke Rings.pdf,Vol2,1932
752970,So In Love,752970.pdf,So In Love.pdf,Vol3,1948
754110,So Nice (Summer Samba),754110.pdf,So Nice Summer Samba.pdf,Vol1,1965
754450,So What,754450.pdf,So What.pdf,Vol1,1959
755060,Soft Lights And Sweet Music,755060.pdf,Soft Lights And Sweet Music.pdf,Vol3,1931
755630,Softly As In A Morning Sunrise,755630.pdf,Softly As In A Morning Sunrise.pdf,Vol2,1928
756110,Solar,756110.pdf,Solar.pdf,Vol1,1963
756450,Solitude,756450.pdf,Solitude.pdf,Vol1,1934
756960,Some Day My Prince Will Come,756960.pdf,Some Day My Prince Will Come.pdf,Vol1,1937
757539,Some Other Blues,757539.pdf,Some Other Blues.pdf,Vol2,1977
757542,Some Other Spring,757542.pdf,Some Other Spring.pdf,Vol1,1939
757572,Some Skunk Funk,757572.pdf,Some Skunk Funk.pdf,Vol1,1975
758100,Somebody Loves Me,758100.pdf,Somebody Loves Me.pdf,Vol1,1924
758290,Somebody Loves You,758290.pdf,Somebody Loves You.pdf,Vol3,1932
760830,Something Wonderful,760830.pdf,Something Wonderful.pdf,Vol3,1951
60800,Sometime Ago,060800.pdf,Sometime Ago.pdf,Vol1,1963
761520,Sometimes I'm Happy,761520.pdf,Sometimes I'm Happy.pdf,Vol3,1925
27513,Song For Bilbao,027513.pdf,Song For Bilbao.pdf,Vol2,1983
985756,Song For Helen,985756.pdf,Song For Helen.pdf,Vol3,1978
763700,Song For My Father,763700.pdf,Song For My Father.pdf,Vol1,1964
7387,Song For Strayhorn,007387.pdf,Song For Strayhorn.pdf,Vol3,1973
765380,Song Of The Jet (Samba do Avião),765380.pdf,Song Of The Jet Samba do Avião.pdf,Vol3,1962
765620,Songbird (Thank You For Your Lovely Song),765620.pdf,Songbird Thank You For Your Lovely Song.pdf,Vol2,1978
766470,Soon It's Gonna Rain,766470.pdf,Soon It's Gonna Rain.pdf,Vol3,1960
766551,Sophisticated Lady,766551.pdf,Sophisticated Lady.pdf,Vol1,1933
766954,Soul Eyes,766954.pdf,Soul Eyes.pdf,Vol2,1964
55070,Soultrane,055070.pdf,Soultrane.pdf,Vol2,1962
30823,Speak Like A Child,030823.pdf,Speak Like A Child.pdf,Vol2,1982
772900,Speak Low,772900.pdf,Speak Low.pdf,Vol2,1943
992527,Speak No Evil,992527.pdf,Speak No Evil.pdf,Vol1,1965
774555,Spiral,774555.pdf,Spiral.pdf,Vol2,1977
776915,Spring Can Really Hang You Up The Most,776915.pdf,Spring Can Really Hang You Up The Most.pdf,Vol3,1955
777360,Spring Will Be A Little Late This Year,777360.pdf,Spring Will Be A Little Late This Year.pdf,Vol3,1943
777670,Squeeze Me,777670.pdf,Squeeze Me.pdf,Vol3,1925
778250,St. Louis Blues,778250.pdf,St. Louis Blues.pdf,Vol2,1914
778550,St. Thomas,778550.pdf,St. Thomas.pdf,Vol2,1963
983490,Stablemates,983490.pdf,Stablemates.pdf,Vol3,1955
779950,Standing On The Corner,779950.pdf,Standing On The Corner.pdf,Vol1,1956
780710,Stardust,780710.pdf,Stardust.pdf,Vol2,1928
782680,Stay As Sweet As You Are,782680.pdf,Stay As Sweet As You Are.pdf,Vol3,1934
782920,Steeplechase,782920.pdf,Steeplechase.pdf,Vol3,1948
783279,Stella By Starlight,783279.pdf,Stella By Starlight.pdf,Vol1,1946
783850,Steppin' Out With My Baby,783850.pdf,Steppin' Out With My Baby.pdf,Vol3,1947
12344,Steps,012344.pdf,Steps.pdf,Vol1,1968
784290,Stolen Moments,784290.pdf,Stolen Moments.pdf,Vol1,1962
784500,Stompin' At The Savoy,784500.pdf,Stompin' At The Savoy.pdf,Vol1,1936
785840,Stormy Weather (Keeps Rainin' All The Time),785840.pdf,Stormy Weather Keeps Rainin' All The Time.pdf,Vol3,1933
54974,Straight Life,054974.pdf,Straight Life.pdf,Vol2,1972
17909,Straight No Chaser,017909.pdf,Straight No Chaser.pdf,Vol1,1962
59409,Strayhorn 2,059409.pdf,Strayhorn 2.pdf,Vol2,1977
4835,Strode Rode,004835.pdf,Strode Rode.pdf,Vol2,1963
983493,Strollin',983493.pdf,Strollin'.pdf,Vol2,1960
789575,Struttin' With Some Barbecue,789575.pdf,Struttin' With Some Barbecue.pdf,Vol2,1928
33754,Stuff,033754.pdf,Stuff.pdf,Vol1,1968
55567,Subconscious Lee,055567.pdf,Subconscious Lee.pdf,Vol2,1958
790361,Suddenly It's Spring,790361.pdf,Suddenly It's Spring.pdf,Vol2,1943
12967,Sugar,012967.pdf,Sugar.pdf,Vol1,1970
983494,Summer In Central Park,983494.pdf,Summer In Central Park.pdf,Vol2,
54611,Swedish Pastry,054611.pdf,Swedish Pastry.pdf,Vol1,1948
800445,Sweet And Lovely,800445.pdf,Sweet And Lovely.pdf,Vol3,1931
54288,Sweet Georgia Bright,054288.pdf,Sweet Georgia Bright.pdf,Vol1,1964
58825,Sweet Henry,058825.pdf,Sweet Henry.pdf,Vol1,1974
803200,Sweet Sue-Just You,803200.pdf,Sweet Sue-Just You.pdf,Vol2,1928
806360,Swinging On A Star,806360.pdf,Swinging On A Star.pdf,Vol3,1944
10479,Syeeda's Song Flute,010479.pdf,Syeeda's Song Flute.pdf,Vol2,1977
751625,Só Danço Samba (Jazz 'N' Samba),751625.pdf,Só Danço Samba Jazz 'N' Samba.pdf,Vol3,1962
810540,Take Five,810540.pdf,Take Five.pdf,Vol1,1960
12329,Take Ten,012329.pdf,Take Ten.pdf,Vol3,1963
811760,Take The 'A' Train,811760.pdf,Take The 'A' Train.pdf,Vol1,1941
17381,Take The Coltrane,017381.pdf,Take The Coltrane.pdf,Vol2,1965
55150,Tame Thy Pen,055150.pdf,Tame Thy Pen.pdf,Vol1,1975
814495,Tanga,814495.pdf,Tanga.pdf,Vol2,1971
814521,Tangerine,814521.pdf,Tangerine.pdf,Vol2,1942
816500,Teach Me Tonight,816500.pdf,Teach Me Tonight.pdf,Vol3,1953
983271,Teen Town,983271.pdf,Teen Town.pdf,Vol3,1977
57334,Teenie's Blues,057334.pdf,Teenie's Blues.pdf,Vol2,1961
61407,Telephone Song,061407.pdf,Telephone Song.pdf,Vol3,1965
983221,Tell Me A Bedtime Story,983221.pdf,Tell Me A Bedtime Story.pdf,Vol1,1973
818215,Tempus Fugit,818215.pdf,Tempus Fugit.pdf,Vol2,1949
818289,Ten Cents A Dance,818289.pdf,Ten Cents A Dance.pdf,Vol3,1930
818710,Tenderly,818710.pdf,Tenderly.pdf,Vol2,1946
983101,Tenor Madness,983101.pdf,Tenor Madness.pdf,Vol2,1956
820881,Thanks For The Memory,820881.pdf,Thanks For The Memory.pdf,Vol1,1937
822311,That Old Black Magic,822311.pdf,That Old Black Magic.pdf,Vol3,1942
822460,That Old Feeling,822460.pdf,That Old Feeling.pdf,Vol3,1937
822750,That's Amoré (That's Love),822750.pdf,That's Amoré That's Love.pdf,Vol1,1953
73151,The Best Thing For You,073151.pdf,The Best Thing For You.pdf,Vol3,1950
73160,The Best Things In Life Are Free,073160.pdf,The Best Things In Life Are Free.pdf,Vol3,1927
79990,The Birth Of The Blues,079990.pdf,The Birth Of The Blues.pdf,Vol2,1926
84185,The Blessing,084185.pdf,The Blessing.pdf,Vol3,1958
87780,The Blue Room,087780.pdf,The Blue Room.pdf,Vol1,1926
96900,The Breeze And I,096900.pdf,The Breeze And I.pdf,Vol3,1928
124490,The Champ,124490.pdf,The Champ.pdf,Vol2,1953
25785,The Cooker,025785.pdf,The Cooker.pdf,Vol2,1967
54975,The Core,054975.pdf,The Core.pdf,Vol2,1964
171592,The Creole Love Call,171592.pdf,The Creole Love Call.pdf,Vol3,1928
57332,The Drive,057332.pdf,The Drive.pdf,Vol2,1961
224010,The End Of A Love Affair,224010.pdf,The End Of A Love Affair.pdf,Vol3,1950
236800,The Face I Love,236800.pdf,The Face I Love.pdf,Vol3,1966
252200,The Folks Who Live On The Hill,252200.pdf,The Folks Who Live On The Hill.pdf,Vol2,1937
31991,The Frim Fram Sauce,031991.pdf,The Frim Fram Sauce.pdf,Vol2,1946
684600,The Gift! (Recado Bossa Nova),684600.pdf,The Gift Recado Bossa Nova.pdf,Vol2,1959
273790,The Girl From Ipanema (Garôta De Ipanema),273790.pdf,The Girl From Ipanema Garôta De Ipanema.pdf,Vol1,1963
279021,The Glory Of Love,279021.pdf,The Glory Of Love.pdf,Vol3,1936
58822,The Green Mountains,058822.pdf,The Green Mountains.pdf,Vol1,1969
344955,The Hucklebuck,344955.pdf,The Hucklebuck.pdf,Vol2,1948
401900,The Inch Worm,401900.pdf,The Inch Worm.pdf,Vol1,1951
405299,The Intrepid Fox,405299.pdf,The Intrepid Fox.pdf,Vol1,1972
12944,The Jive Samba,012944.pdf,The Jive Samba.pdf,Vol3,1963
54962,The Jody Grind,054962.pdf,The Jody Grind.pdf,Vol2,1967
10227,The Kicker,010227.pdf,The Kicker.pdf,Vol2,1967
454560,The Lady Is A Tramp,454560.pdf,The Lady Is A Tramp.pdf,Vol3,1937
455300,The Lady's In Love With You,455300.pdf,The Lady's In Love With You.pdf,Vol3,1939
459230,The Last Time I Saw Paris,459230.pdf,The Last Time I Saw Paris.pdf,Vol2,1940
491530,The Look Of Love,491530.pdf,The Look Of Love.pdf,Vol3,1967
499310,The Love Nest,499310.pdf,The Love Nest.pdf,Vol3,1920
59303,The Magician In You,059303.pdf,The Magician In You.pdf,Vol1,1971
513600,The Man That Got Away,513600.pdf,The Man That Got Away.pdf,Vol3,1954
11306,The Meaning Of The Blues,011306.pdf,The Meaning Of The Blues.pdf,Vol3,1957
562590,The Most Beautiful Girl In The World,562590.pdf,The Most Beautiful Girl In The World.pdf,Vol1,1935
582381,The Nearness Of You,582381.pdf,The Nearness Of You.pdf,Vol2,1937
586950,The Night Has A Thousand Eyes,586950.pdf,The Night Has A Thousand Eyes.pdf,Vol1,1948
588700,The Night We Called It A Day,588700.pdf,The Night We Called It A Day.pdf,Vol3,1941
604709,The Odd Couple,604709.pdf,The Odd Couple.pdf,Vol3,1968
639750,The Party's Over,639750.pdf,The Party's Over.pdf,Vol3,1956
680850,The Rainbow Connection,680850.pdf,The Rainbow Connection.pdf,Vol3,1979
27494,The Red One,027494.pdf,The Red One.pdf,Vol2,1994
14424,The Single Petal Of A Rose,014424.pdf,The Single Petal Of A Rose.pdf,Vol3,1963
764370,The Song Is Ended (But The Melody Lingers On),764370.pdf,The Song Is Ended But The Melody Lingers On.pdf,Vol3,1927
764560,The Song Is You,764560.pdf,The Song Is You.pdf,Vol1,1932
61134,The Sorcerer,061134.pdf,The Sorcerer.pdf,Vol1,1982
59329,The Sphinx,059329.pdf,The Sphinx.pdf,Vol1,1958
983491,The Star-Crossed Lovers,983491.pdf,The Star-Crossed Lovers.pdf,Vol1,1956
798600,The Surrey With The Fringe On Top,798600.pdf,The Surrey With The Fringe On Top.pdf,Vol1,1943
803400,The Sweetest Sounds,803400.pdf,The Sweetest Sounds.pdf,Vol2,1962
807000,The Swingin' Shepherd Blues,807000.pdf,The Swingin' Shepherd Blues.pdf,Vol2,1958
834290,The Things We Did Last Summer,834290.pdf,The Things We Did Last Summer.pdf,Vol2,1946
843350,The Thrill Is Gone,843350.pdf,The Thrill Is Gone.pdf,Vol3,1931
55078,The Thumper,055078.pdf,The Thumper.pdf,Vol2,1960
856600,The Touch Of Your Lips,856600.pdf,The Touch Of Your Lips.pdf,Vol3,1936
888630,The Very Thought Of You,888630.pdf,The Very Thought Of You.pdf,Vol3,1934
51784,The Visit,051784.pdf,The Visit.pdf,Vol3,1972
906490,The Way You Look Tonight,906490.pdf,The Way You Look Tonight.pdf,Vol2,1936
27544,The Whopper,027544.pdf,The Whopper.pdf,Vol2,
951600,The World Is Waiting For The Sunrise,951600.pdf,The World Is Waiting For The Sunrise.pdf,Vol1,
983403,Theme For Ernie,983403.pdf,Theme For Ernie.pdf,Vol3,1969
982542,Theme From Mr. Broadway,982542.pdf,Theme From Mr. Broadway.pdf,Vol2,1964
827150,There Are Such Things,827150.pdf,There Are Such Things.pdf,Vol3,1942
827350,There Goes My Heart,827350.pdf,There Goes My Heart.pdf,Vol3,1934
828637,There Is No Greater Love,828637.pdf,There Is No Greater Love.pdf,Vol1,1936
829025,(There Ought To Be A) Moonlight Savings Time,829025.pdf,There Ought To Be A Moonlight Savings Time.pdf,Vol3,1931
829100,There Will Never Be Another You,829100.pdf,There Will Never Be Another You.pdf,Vol1,1942
934875,(There'll Be Bluebirds Over) The White Cliffs Of Dover,934875.pdf,There'll Be Bluebirds Over The White Cliffs Of Dover.pdf,Vol3,1941
829350,There'll Be Some Changes Made,829350.pdf,There'll Be Some Changes Made.pdf,Vol1,1921
830780,There's A Mingus Amonk Us,830780.pdf,There's A Mingus Amonk Us.pdf,Vol3,1986
831060,There's A Small Hotel,831060.pdf,There's A Small Hotel.pdf,Vol2,1936
832770,These Foolish Things (Remind Me Of You),832770.pdf,These Foolish Things Remind Me Of You.pdf,Vol2,1936
833370,They Didn't Believe Me,833370.pdf,They Didn't Believe Me.pdf,Vol1,1914
833530,They Say It's Wonderful,833530.pdf,They Say It's Wonderful.pdf,Vol3,1946
834167,Things Ain't What They Used To Be,834167.pdf,Things Ain't What They Used To Be.pdf,Vol3,1942
956280,Things To Come,956280.pdf,Things To Come.pdf,Vol2,1948
54966,Think On Me,054966.pdf,Think On Me.pdf,Vol1,1971
834930,This Can't Be Love,834930.pdf,This Can't Be Love.pdf,Vol3,1938
834952,This Could Be The Start Of Something Big,834952.pdf,This Could Be The Start Of Something Big.pdf,Vol3,1956
91591,This I Dig Of You,091591.pdf,This I Dig Of You.pdf,Vol2,1960
835405,This Is All I Ask (Beautiful Girls Walk A Little Slower),835405.pdf,This Is All I Ask Beautiful Girls Walk A Little Slower.pdf,Vol3,1958
836470,This Masquerade,836470.pdf,This Masquerade.pdf,Vol2,1972
838030,This Year's Kisses,838030.pdf,This Year's Kisses.pdf,Vol2,1937
840940,Thou Swell,840940.pdf,Thou Swell.pdf,Vol1,1927
54982,Three Base Hit,054982.pdf,Three Base Hit.pdf,Vol2,
56117,Three Flowers,056117.pdf,Three Flowers.pdf,Vol1,1963
842840,Three Little Words,842840.pdf,Three Little Words.pdf,Vol3,1930
847210,Till There Was You,847210.pdf,Till There Was You.pdf,Vol2,1950
847427,Time After Time,847427.pdf,Time After Time.pdf,Vol3,1947
847910,Time Remembered,847910.pdf,Time Remembered.pdf,Vol1,1965
848540,Time Was,848540.pdf,Time Was.pdf,Vol3,1936
54963,Tippin',054963.pdf,Tippin'.pdf,Vol2,1958
853693,Tomorrow's Destiny,853693.pdf,Tomorrow's Destiny.pdf,Vol2,1976
853750,Tones For Joan's Bones,853750.pdf,Tones For Joan's Bones.pdf,Vol1,1966
853850,Too Close For Comfort,853850.pdf,Too Close For Comfort.pdf,Vol3,1956
853980,Too Late Now,853980.pdf,Too Late Now.pdf,Vol3,1950
854600,Too Young,854600.pdf,Too Young.pdf,Vol2,1951
854800,|Toot, Toot, Tootsie! (Good-Bye!)|,854800.pdf,Toot Toot Tootsie Good-Bye.pdf,Vol3,
11747,Topsy,011747.pdf,Topsy.pdf,Vol1,1939
957655,Tour De Force,957655.pdf,Tour De Force.pdf,Vol1,1957
55004,Trane's Blues,055004.pdf,Trane's Blues.pdf,Vol2,1999
55007,Trick,055007.pdf,Trick.pdf,Vol3,1969
864221,Triste,864221.pdf,Triste.pdf,Vol1,1967
870770,Try To Remember,870770.pdf,Try To Remember.pdf,Vol3,1960
871160,Tune Up,871160.pdf,Tune Up.pdf,Vol1,1963
983503,Turn Out The Stars,983503.pdf,Turn Out The Stars.pdf,Vol1,1966
55005,Turnaround,055005.pdf,Turnaround.pdf,Vol2,1959
956999,Twisted Blues,956999.pdf,Twisted Blues.pdf,Vol1,1962
875700,Twisted,875700.pdf,Twisted.pdf,Vol2,1965
876280,Two Cigarettes In The Dark,876280.pdf,Two Cigarettes In The Dark.pdf,Vol2,1934
12958,|Two Degrees East, Three Degrees West|,012958.pdf,Two Degrees East Three Degrees West.pdf,Vol2,1956
12330,Two Of A Mind,012330.pdf,Two Of A Mind.pdf,Vol3,1962
879540,Un Poco Loco,879540.pdf,Un Poco Loco.pdf,Vol3,1953
29658,Unchain My Heart,029658.pdf,Unchain My Heart.pdf,Vol1,1960
881600,Unforgettable,881600.pdf,Unforgettable.pdf,Vol3,1951
27535,Uniquity Road,027535.pdf,Uniquity Road.pdf,Vol1,1975
27536,Unity Village,027536.pdf,Unity Village.pdf,Vol1,1976
11858,Until I Met You (Corner Pocket),011858.pdf,Until I Met You Corner Pocket.pdf,Vol2,1956
883310,Up Jumped Spring,883310.pdf,Up Jumped Spring.pdf,Vol1,1962
16554,Upper Manhattan Medical Group (UMMG),016554.pdf,Upper Manhattan Medical Group UMMG.pdf,Vol1,1956
884095,Upside Downside,884095.pdf,Upside Downside.pdf,Vol3,1986
886300,Valse Hot,886300.pdf,Valse Hot.pdf,Vol1,1965
887950,Very Early,887950.pdf,Very Early.pdf,Vol1,1962
891350,Violets For Your Furs,891350.pdf,Violets For Your Furs.pdf,Vol3,1941
992531,Virgo,992531.pdf,Virgo.pdf,Vol1,1964
6119,Wail,006119.pdf,Wail.pdf,Vol3,1953
896700,Wait Till You See Her,896700.pdf,Wait Till You See Her.pdf,Vol1,1942
897175,Walk On The Wild Side,897175.pdf,Walk On The Wild Side.pdf,Vol3,1961
897300,Walkin' My Baby Back Home,897300.pdf,Walkin' My Baby Back Home.pdf,Vol3,1930
897340,Walkin' Shoes,897340.pdf,Walkin' Shoes.pdf,Vol2,1954
898790,Waltz For Debby,898790.pdf,Waltz For Debby.pdf,Vol1,1964
14964,Warm Valley,014964.pdf,Warm Valley.pdf,Vol2,1941
903830,Watch What Happens,903830.pdf,Watch What Happens.pdf,Vol2,1964
27538,Watercolors,027538.pdf,Watercolors.pdf,Vol2,1977
904400,Watermelon Man,904400.pdf,Watermelon Man.pdf,Vol3,1973
904925,Wave,904925.pdf,Wave.pdf,Vol1,1967
983411,We'll Be Together Again,983411.pdf,We'll Be Together Again.pdf,Vol1,1945
983519,Webb City,983519.pdf,Webb City.pdf,Vol2,1947
914560,Well You Needn't (It's Over Now),914560.pdf,Well You Needn't It's Over Now.pdf,Vol1,1944
12331,Wendy,012331.pdf,Wendy.pdf,Vol2,1975
914680,West Coast Blues,914680.pdf,West Coast Blues.pdf,Vol1,1960
915420,What A Diff'rence A Day Made,915420.pdf,What A Diff'rence A Day Made.pdf,Vol3,1934
915947,What A Wonderful World,915947.pdf,What A Wonderful World.pdf,Vol3,1967
39466,What Am I Here For?,039466.pdf,What Am I Here For.pdf,Vol1,1942
916500,What Did I Have That I Don't Have?,916500.pdf,What Did I Have That I Don't Have.pdf,Vol3,1965
916660,What I Did For Love,916660.pdf,What I Did For Love.pdf,Vol3,1975
917510,What Now My Love,917510.pdf,What Now My Love.pdf,Vol3,1961
10192,What Was,010192.pdf,What Was.pdf,Vol1,1968
917700,What'll I Do?,917700.pdf,What'll I Do.pdf,Vol2,1924
918005,What's New?,918005.pdf,What's New.pdf,Vol2,1939
921310,When I Fall In Love,921310.pdf,When I Fall In Love.pdf,Vol1,1952
994157,When Lights Are Low,994157.pdf,When Lights Are Low.pdf,Vol2,1936
926375,When Sunny Gets Blue,926375.pdf,When Sunny Gets Blue.pdf,Vol1,1956
926930,When The Sun Comes Out,926930.pdf,When The Sun Comes Out.pdf,Vol3,1941
929290,When You Wish Upon A Star,929290.pdf,When You Wish Upon A Star.pdf,Vol1,1940
929500,When You're Smiling (The Whole World Smiles With You),929500.pdf,When You're Smiling The Whole World Smiles With You.pdf,Vol3,1928
931350,Where Or When,931350.pdf,Where Or When.pdf,Vol3,1937
933950,While We're Young,933950.pdf,While We're Young.pdf,Vol3,1943
934155,Whisper Not,934155.pdf,Whisper Not.pdf,Vol2,1956
934200,Whispering,934200.pdf,Whispering.pdf,Vol1,
934420,Whistle While You Work,934420.pdf,Whistle While You Work.pdf,Vol3,1937
27543,Whittlin',027543.pdf,Whittlin'.pdf,Vol3,1993
935560,Who Can I Turn To (When Nobody Needs Me),935560.pdf,Who Can I Turn To When Nobody Needs Me.pdf,Vol2,1964
936890,Who's Afraid Of The Big Bad Wolf?,936890.pdf,Who's Afraid Of The Big Bad Wolf.pdf,Vol3,1933
937790,Why Did I Choose You?,937790.pdf,Why Did I Choose You.pdf,Vol3,1965
937840,Why Do I Love You?,937840.pdf,Why Do I Love You.pdf,Vol2,1927
937856,|Why Don't You Do Right (Get Me Some Money, Too!)|,937856.pdf,Why Don't You Do Right Get Me Some Money Too.pdf,Vol3,1941
14960,Why Try To Change Me Now,014960.pdf,Why Try To Change Me Now.pdf,Vol3,1958
60426,Wild Flower,060426.pdf,Wild Flower.pdf,Vol1,1965
941150,Will You Still Be Mine,941150.pdf,Will You Still Be Mine.pdf,Vol3,1940
941640,Willow Weep For Me,941640.pdf,Willow Weep For Me.pdf,Vol2,1932
983512,Windows,983512.pdf,Windows.pdf,Vol1,1978
12334,Wintersong,012334.pdf,Wintersong.pdf,Vol3,1957
992533,Witch Hunt,992533.pdf,Witch Hunt.pdf,Vol1,1965
943160,Witchcraft,943160.pdf,Witchcraft.pdf,Vol3,1957
943350,With A Song In My Heart,943350.pdf,With A Song In My Heart.pdf,Vol2,1929
17222,With Every Breath I Take,017222.pdf,With Every Breath I Take.pdf,Vol3,1934
944530,Without A Song,944530.pdf,Without A Song.pdf,Vol2,1929
944800,|Wives And Lovers (Hey, Little Girl)|,944800.pdf,Wives And Lovers Hey Little Girl.pdf,Vol1,1963
948020,Woodchopper's Ball,948020.pdf,Woodchopper's Ball.pdf,Vol1,1939
983513,Woodyn' You,983513.pdf,Woodyn' You.pdf,Vol1,1943
950930,Work Song,950930.pdf,Work Song.pdf,Vol2,1960
952550,Wouldn't It Be Loverly,952550.pdf,Wouldn't It Be Loverly.pdf,Vol3,1956
41432,Wow,041432.pdf,Wow.pdf,Vol2,1956
952700,Wrap Your Troubles In Dreams (And Dream Your Troubles Away),952700.pdf,Wrap Your Troubles In Dreams And Dream Your Troubles Away.pdf,Vol3,1931
955500,Yardbird Suite,955500.pdf,Yardbird Suite.pdf,Vol2,1946
983413,Yes And No,983413.pdf,Yes And No.pdf,Vol1,1964
957200,Yes Indeed,957200.pdf,Yes Indeed.pdf,Vol3,1940
957600,Yesterday,957600.pdf,Yesterday.pdf,Vol1,1965
958200,Yesterdays,958200.pdf,Yesterdays.pdf,Vol1,1933
959275,You Are Beautiful,959275.pdf,You Are Beautiful.pdf,Vol2,1958
959861,You Are The Sunshine Of My Life,959861.pdf,You Are The Sunshine Of My Life.pdf,Vol1,1972
959880,You Are Too Beautiful,959880.pdf,You Are Too Beautiful.pdf,Vol1,1932
756100,You Belong To My Heart (Solamente Una Vez),756100.pdf,You Belong To My Heart Solamente Una Vez.pdf,Vol3,1941
960300,You Better Go Now,960300.pdf,You Better Go Now.pdf,Vol3,1936
960370,You Brought A New Kind Of Love To Me,960370.pdf,You Brought A New Kind Of Love To Me.pdf,Vol1,1930
960481,You Can Depend On Me,960481.pdf,You Can Depend On Me.pdf,Vol2,1932
962350,You Don't Know What Love Is,962350.pdf,You Don't Know What Love Is.pdf,Vol1,1941
963575,You Made Me Love You (I Didn't Want To Do It),963575.pdf,You Made Me Love You I Didn't Want To Do It.pdf,Vol3,1913
965675,You Took Advantage Of Me,965675.pdf,You Took Advantage Of Me.pdf,Vol1,1928
966720,You'd Be So Nice To Come Home To,966720.pdf,You'd Be So Nice To Come Home To.pdf,Vol2,1942
967500,You're Blasé,967500.pdf,You're Blasé.pdf,Vol3,1931
967590,You're Driving Me Crazy! (What Did I Do?),967590.pdf,You're Driving Me Crazy What Did I Do.pdf,Vol3,1930
969190,You're Mine You,969190.pdf,You're Mine You.pdf,Vol3,1933
969300,You're My Everything,969300.pdf,You're My Everything.pdf,Vol2,1931
969570,You're Nobody 'Til Somebody Loves You,969570.pdf,You're Nobody 'Til Somebody Loves You.pdf,Vol2,1944
969570,You're Nobody 'Til Somebody Loves You,969570.pdf,You're Nobody 'Til Somebody Loves You.pdf,Vol1,1944
970610,You've Changed,970610.pdf,You've Changed.pdf,Vol3,1942
971395,Young At Heart,971395.pdf,Young At Heart.pdf,Vol1,1954
971500,Younger Than Springtime,971500.pdf,Younger Than Springtime.pdf,Vol3,1949
6900,Água De Beber (Water To Drink),006900.pdf,Água De Beber Water To Drink.pdf,Vol1,1961
